Title,Author,Identifier,Inventory,Count,Rate,Publisher,PublishedDate
毛泽东选集.第一卷.2版,毛泽东著,"A41/2-1=2, 06.2/2034-1=2",21,13,0.62,人民出版社,1991.6
毛泽东选集.第二卷.2版,毛泽东著,"A41/2-2=2, 06.2/2034-2=2",19,11,0.58,人民出版社,1991.6
共产党宣言:马克思诞辰200周年纪念版,中共中央马克思恩格斯列宁斯大林著作编译局编译,A122/2,6,9,1.5,人民出版社,2018
毛泽东选集.第四卷.2版,毛泽东著,"A41/2-4=2, 06.2/2034-4=2",19,6,0.32,人民出版社,1991
资本论.第1卷,(德)马克思著,A123/8-1,6,6,1.0,人民出版社,2018.3
马克思传:最新插图本,(英) 戴维·麦克莱伦著,A711/1,8,5,0.63,中国人民大学出版社,2010
毛泽东选集.第三卷.2版,毛泽东著,"A41/2-3=2, 06.2/2034-3=2",19,5,0.26,人民出版社,1991.6
《共产党宣言》导读,李海青著,A811.22/9,5,5,1.0,中共中央党校出版社,2018
资本论.第2卷,(德)马克思著,A123/8-2,6,4,0.67,人民出版社,2018.3
马克思恩格斯的生态文明思想:基于《马克思恩格斯文集》的研究,方世南著,A811.63/31,4,4,1.0,人民出版社,2017
《资本论》导读.第2版,《<资本论>导读》编写组,A811.23/11=2,6,4,0.67,高等教育出版社,2020
毛泽东最后十年:1966-1976毛泽东的最真实记录,"陈长江, 赵桂来著",A752/29,10,4,0.4,中共中央党校出版社,2009
共产党宣言,"马克思, 恩格斯",A811.22/10,4,4,1.0,人民出版社,2014
马克思主义发展史.第2版,《马克思主义发展史》编写组编,A81/179=2,6,4,0.67,高等教育出版社,2021
邓小平传,(英) 理查德·伊文思著,A761/2,6,4,0.67,国际文化出版公司,2013
邓小平时代,(美) 傅高义著,A762/19,7,4,0.57,三联书店,2013
共产党宣言:名家导读,"艾四林, 曲伟杰著",A811.22/29,2,3,1.5,湖南人民出版社,2022
解读青年毛泽东,张锦力著,A752/100,6,3,0.5,中央文献出版社,2018
《共产党宣言》研读,"艾四林, 曲伟杰编著",A811.22/28,2,3,1.5,研究出版社,2021
帝国主义是资本主义的最高阶段,列宁,A224/1,6,3,0.5,人民出版社,2014
"进一步, 退两步",列宁[著],A221.2/1,4,3,0.75,人民出版社,2018
《资本论》导读,《<资本论>导读》编写组,A811.23/11,9,3,0.33,高等教育出版社,2012
马克思《人类学笔记》研究读本,曹典顺,A811.64/22,12,3,0.25,中央编译出版社,2013
反杜林论,恩格斯著,A124/2,8,3,0.38,人民出版社,2015
毛泽东选集.第一卷,毛泽东著,06.2/2034.5,6,3,0.5,人民出版社,1966
马克思主义基本原理:2021年版,本书编写组,A81/268(2021),6,3,0.5,高等教育出版社,2021
邓小平三落三起,"刘金田, 王飞雪著",A762/36,6,2,0.33,红旗出版社,2018
自然的解放:生态学马克思主义研究,侯子峰著,A811.693/18,4,2,0.5,中国社会科学出版社,2018
马克思主义生态学论丛.第一卷,郇庆治主编,A811.693-53/2-1,2,2,1.0,中国环境出版集团,2021
毛泽东传.一.第2版,"主编逄先知, 金冲及",A751/3-1=2,6,2,0.33,中央文献出版社,2011
中国马克思主义经典著作导读,王树荫主编,A5/5,6,2,0.33,北京师范大学出版社,2020
图说资本论,(德) 卡尔·海因里希·马克思著,A811.23/72,4,2,0.5,北京时代华文书局,2020
马克思人与自然关系的社会历史批判研究,汪晓莺著,A811.692/8,4,2,0.5,中国社会科学出版社,2016
马克思主义生态学论丛.第五卷,郇庆治主编,A811.693-53/2-5,2,2,1.0,中国环境出版集团,2021
毛泽东的故事,高津滔编著,A752-49/1,4,2,0.5,人民武警出版社,2012.03
马克思恩格斯的海权理论与海洋强国建设,张峰著,A811.64/60,4,2,0.5,上海人民出版社,2018
马克思恩格斯列宁哲学经典著作导读.第2版,《马克思恩格斯列宁哲学经典著作导读》编写组,A851.63/2=2,6,2,0.33,人民出版社,2020
马克思传,(英) 戴维·麦克莱伦著,A711-64/1=4,2,2,1.0,中国人民大学出版社,2016
资本论.第一卷.上,马克思著,A811.23/14-1(1),1,2,2.0,人民出版社,1975
唯物主义和经验批判主义,列宁著,A223/1,6,2,0.33,人民出版社,2015
作为革命者的斯大林 (1879-1929):一项历史与人格的研究,(美) 罗伯特·C. 塔克著,A741/3,3,2,0.67,中央编译出版社,2011
《黑格尔法哲学批判》导读,何历宇编著,A811.21/9,4,2,0.5,中国民主法制出版社,2017
《共产党宣言》社会主义的里程碑,(英) 哈罗德·约瑟夫·拉斯基著,A811.22/20,4,2,0.5,中国民主法制出版社,2018
《资本论》第1卷研读,王峰明编著,A811.23/82,2,2,1.0,研究出版社,2021
毛泽东传:峥嵘岁月:1893-1923,李锐著,A751/10,4,2,0.5,北京联合出版公司,2013
毛泽东箴言,中国中共文献研究会编订,A48/1,10,2,0.2,人民出版社,2009
生态学马克思主义与后发国家生态文明理论研究,王雨辰著,A811.693/13,4,2,0.5,人民出版社,2017
毛泽东传,(美) 罗斯·特里尔著,A751/12,8,2,0.25,中国人民大学出版社,2013
《资本论》与当代中国经济.3版,陈征等主编,A811.23/42=3,10,2,0.2,福建人民出版社,2017.09
《资本论》解说.第一卷.第四版,陈征著,A811.23/43-1=4,5,2,0.4,福建人民出版社,2017.9
毛泽东真情实录:1949-1976,顾保孜著,A752-64/2,4,2,0.5,中国工人出版社,2016
马克思靠谱.第2版,内蒙轩主编,A711/7=2,2,2,1.0,东方出版社,2016
国史专家解读毛泽东诗词背后的人生,陈东林著,A841.4/4,6,2,0.33,九州出版社,2010
马克思主义发展史,《马克思主义发展史》编写组,A81/179,6,2,0.33,高等教育出版社,2013
马克思主义、毛泽东主义与乌托邦主义:典藏本,(美) 莫里斯·迈斯纳著,A81/48,4,2,0.5,中国人民大学出版社,2013
马克思主义生态学论丛.第三卷,郇庆治主编,A811.693-53/2-3,2,2,1.0,中国环境出版集团,2021
马克思主义生态学论丛.第二卷,郇庆治主编,A811.693-53/2-2,2,2,1.0,中国环境出版集团,2021
马克思主义生态学论丛.第四卷,郇庆治主编,A811.693-53/2-4,2,2,1.0,中国环境出版集团,2021
向毛泽东学管理:中国离不开毛泽东,李凯城著,A841.66/1,6,2,0.33,当代中国出版社,2010.06
《资本论》解说.第二卷.第四版,陈征著,A811.23/43-2=4,5,2,0.4,福建人民出版社,2017.9
《共产党宣言》导读.第2版,总主编艾四林,A811.22/6=2,7,2,0.29,中国民主法制出版社,2018
马克思主义基本原理概论.第2版,本书编写组,A81/7=2,8,2,0.25,高等教育出版社,2008
《共产党宣言》导读,(英) 彼得·兰姆(Peter Lamb)著,A811.22/18,6,2,0.33,中国方正出版社,2019
毛泽东评点古今人物,张明林编著,A841.692/7,3,2,0.67,西宛出版社,2012.01
生活决定意识:《德意志意识形态》研究,李颖姣著,A811.21/6,4,2,0.5,中国社会科学出版社,2016
马克思恩格斯社会建设理论的当代解读:基于《德意志意识形态》的研究,高惠珠等著,A811.21/5,4,2,0.5,人民出版社,2015
共产党宣言:校注本,"马克思, 恩格斯著",A122/5,2,2,1.0,中央编译出版社,2021
1844年经济学哲学手稿,马克思,A811.21/8,4,2,0.5,人民出版社,2014
《共产党宣言》经典文本解读,李世忠著,A811.22/31,2,2,1.0,国家行政管理出版社,2021
资本论:节选本,中共中央马克思恩格斯列宁斯大林著作编译局编译,A123/6,4,2,0.5,人民出版社,2016
马克思恩格斯列宁历史理论经典著作导读.第2版,《马克思恩格斯列宁历史理论经典著作导读》编写组编,A811.64/16=2,6,2,0.33,人民出版社,2020
马列经典著作精选导读,"牛先锋, 王虎学主编",A5/6,4,2,0.5,中共中央党校出版社,2021
毛泽东战略决策思想研究,张爱民著,A84/13,4,2,0.5,北京理工大学出版社,2012
关于施蒂纳虚无主义思想的理论探究,赵亮著,A811.21/20,4,2,0.5,人民出版社,2018
简明《资本论》,(德) 卡尔·马克思著,A123/7,6,2,0.33,天地出版社,2018
蛤蟆先生去看心理医生:a psychological adventure eng,(英) 罗伯特·戴博德(Robert De Board)著,B84-49/332,10,17,1.7,天津人民出版社,2020
被讨厌的勇气:“自我启发之父”阿德勒的哲学课,"(日) 岸见一郎, 古贺史健著",B821-49/509,12,17,1.42,机械工业出版社,2015
心流:最优体验心理学,(美) 米哈里·契克森米哈赖(Mihaly Csikszentmihalyi)著,B84-49/172,8,9,1.13,中信出版集团股份有限公司,2017
规训与惩罚:监狱的诞生.5版,(法)米歇尔·福柯著,B565.59/121=5,6,9,1.5,生活·读书·新知三联书店,2019
认知觉醒:开启自我改变的原动力,周岭著,B848.4-49/999,4,9,2.25,人民邮电出版社,2020
当下的力量:a guide to spiritual enlightenment.第3版,(德) 埃克哈特·托利著,B821-49/327=3,6,8,1.33,中信出版社,2013
刻意练习:如何从新手到大师:secrets from the new science of expertise,"(美) 安德斯·艾利克森, 罗伯特·普尔著",B848.2/6,6,7,1.17,机械工业出版社,2016
活法,(日) 稻盛和夫著,B821-49/394,10,7,0.7,东方出版社,2012
活出生命的意义,(美) 维克多·弗兰克尔著,B84-065/33,6,6,1.0,华夏出版社,2010
人间值得,"(日) 中村恒子, 奥田弘美著",B821-49/958,6,6,1.0,北京日报出版社,2019
理想国.修订版,(古希腊) 柏拉图著,B502.232/48=3,6,6,1.0,河南文艺出版社,2014.08
高效能人士的七个习惯.第9版,(美) 史蒂芬·柯维著,B848.4-49/49=9,11,6,0.55,中国青年出版社,2010
中国哲学简史,冯友兰著,B2/70,10,6,0.6,长江文艺出版社,2015.06
自卑与超越,(奥) 阿尔弗雷德·阿德勒著,B848/53,6,6,1.0,北方文艺出版社,2017
博弈心理学:人际交往中的心理博弈,陈玮著,B84-49/113,8,5,0.63,中央编译出版社,2015
掌控习惯:如何养成好习惯并戒除坏习惯:an easy & proven way to build good habits & break bad ones,(美) 詹姆斯·克利尔著,B842.6-49/238,10,5,0.5,北京联合出版公司,2019
刘擎西方现代思想讲义,刘擎著,B5/103,6,5,0.83,新星出版社,2021
共情的能力,(美) 卡拉·麦克拉伦(Karla McLaren)著,B84-49/390,2,5,2.5,浙江教育出版社,2022
金字塔原理:思考、表达和解决问题的逻辑.第3版,(美) 芭芭拉·明托著,B804.1/1=3,6,5,0.83,南海出版公司,2019
怪诞心理学:揭秘日常生活中的古怪之处:the curious science of everyday lives,(美) 理查德·怀斯曼著,B84/91,6,5,0.83,湖南文艺出版社,2014
理想国,(古希腊) 柏拉图著,B502.232/46,6,5,0.83,华夏出版社,2012
进化心理学:心理的新科学,戴维·巴斯著,B84/112=4,10,4,0.4,商务印书馆,2015
朱光潜谈美,朱光潜著,B83-49/10,2,4,2.0,华东师范大学出版社,2012
理想国,(古希腊)柏拉图著,B502.232/53,2,4,2.0,译林出版社,2012.07
爱的艺术,(美) 艾里希·弗洛姆著,B823.3/1,6,4,0.67,京华出版社,2006
知行合一王阳明:1472-1529,度阴山著,B248.2/9,6,4,0.67,北京联合出版公司,2014
思维版图.3版,(美)理查德·尼斯贝特(Richard E. Nisbett)著,B80-49/11=3,6,4,0.67,中信出版集团股份有限公司,2017.12
发现心流:日常生活中的最优体验,(美) 米哈里·契克森米哈赖著,B84-49/187,6,4,0.67,中信出版集团股份有限公司,2018.01
周易译注,周振甫译注,B221/5,8,4,0.5,中华书局,2012
心智突围:重构心智的底层逻辑,Windy Liu著,B848.4-49/1017,4,4,1.0,江西人民出版社,2020
简单的逻辑学,(美) D.Q. 麦克伦尼著,B81/23,6,4,0.67,浙江人民出版社,2013
大众哲学,艾思奇著,B0-0/122,4,4,1.0,吉林出版集团股份有限公司,2018
谈修养,朱光潜著,B825/53,6,4,0.67,北京大学出版社,2011
周易,杨天才译注,B221.2/14,6,4,0.67,中华书局,2016
心理韧性:内心强大的终极秘密,"(英) 道格·斯特里查吉克, 彼得·克劳夫著",B848.4-49/549,4,4,1.0,北京理工大学出版社,2017
情商决定命运,胡宝林主编,B842.6-49/23,5,4,0.8,光明日报出版社,2012.01
"金字塔原理:思考、表达和解决问题的逻辑:logic in writing, thinking and problem solving",(美) 芭芭拉·明托著,B804.1/1,6,4,0.67,南海出版公司,2010
工程伦理.第2版,"李正风, 丛杭青, 王前等编著",B82-057/40=2,2,4,2.0,清华大学出版社,2019
西方哲学史:及其与从古代到现代的政治、社会情况的联系.上卷,(英) 罗素著,B5/9-1,13,4,0.31,商务印书馆,2009
绝对自控,(美) 瑞安·霍利迪著,B848.4-49/704,6,4,0.67,江西人民出版社,2018
世界哲学史,(德)汉斯·约阿西姆·施杜里希(Hans Joachim Storig)著,B1/36=17,6,4,0.67,广西师范大学出版社,2017.01
这才是心理学:看穿伪科学的批判性思维,(加) 基思·斯坦诺维奇著,B84/108=11,8,4,0.5,人民邮电出版社,2020
共时性:一个非因果关系的法则:an acausal connecting principle,(瑞士) 荣格著,B84-065/146,6,4,0.67,华龄出版社,2020
王阳明全书,王阳明著,B248.21/1,6,4,0.67,中国文史出版社,2014
"少有人走的路,心智成熟的旅程",(美) M·斯科特·派克(M. Scott Peck)著,B821-49/980-1,16,4,0.25,吉林文史出版社,2006
认知驱动:做成一件对他人很有用的事,周岭著,B848.4-49/1112,8,3,0.38,人民邮电出版社,2021
西方哲学史讲演录,赵林著,B5-53/10,6,3,0.5,上海三联书店,2021
自卑与超越,(奥) 阿尔弗雷德·阿德勒著,B848/94,4,3,0.75,浙江文艺出版社,2020
易经杂说,南怀瑾著述,B221.5/49,6,3,0.5,复旦大学出版社,2017
逻辑学基础教程.第4版,南开大学哲学院逻辑学教研室编著,B81-43/7=4,4,3,0.75,南开大学出版社,2021
中国哲学简史:珍藏版,冯友兰著,B2/168,2,3,1.5,重庆出版社,2020
传习录,王阳明著,B248.25/27,14,3,0.21,北京联合出版公司,2018.01
朱光潜讲美学,朱光潜著,B83/24,6,3,0.5,凤凰出版社,2011
管子解读,孙中原撰,B226.15/4,6,3,0.5,中国人民大学出版社,2015
哲学的故事,杜兰特著,B1-49/10,2,3,1.5,时事出版社,2016
道德经智慧新解:经典珍藏,韦明辉编著,B223.14/2,2,3,1.5,地震出版社,2007
道德经译注,陈鼓应著,B223.1/18,8,3,0.38,中信出版集团股份有限公司,2020
青年积极心理素质养成.第2版,主编冯靖,B844.2/130=2,6,3,0.5,中国电力出版社,2021
"批判性思维:反盲从, 做聪明的思考者","(美) 理查德·保罗(Richard Paul), 琳达·埃尔德(Linda Elder)著",B804-49/93,6,3,0.5,人民邮电出版社,2021
人格心理学:人与人有何不同,(美) 大卫·范德(David Funder)著,B848/72,6,3,0.5,世界图书出版有限公司北京分公司,2018
遇见未知的自己:都市个人成长修行课.修订版,张德芬著,B821-49/951,4,3,0.75,湖南文艺出版社,2019
知行合一王阳明,"王勉三, 梁启超, 马宗荣著",B248.25/21,6,3,0.5,红旗出版社,2016
工程伦理学,张永强主编,B82-057/6,6,3,0.5,北京理工大学出版社,2011
理想国,(古希腊) 柏拉图著,B502.232/29,3,3,1.0,华中科技大学出版社,2012
疯癫与文明:理性时代的疯癫史.第5版,(法)米歇尔·福柯著,B565.59/122=5,6,3,0.5,生活·读书·新知三联书店,2019
韩非子,"高华平, 王齐洲, 张三夕译注",B226.5/9,8,3,0.38,中华书局,2016
话说中庸,南怀瑾著,B222.1-49/4,6,3,0.5,东方出版社,2015
易经杂说,南怀瑾,B221.5/43,8,3,0.38,东方出版社,2015
幸福之路,(英) 罗素著,B82-49/70,2,3,1.5,华夏出版社,2016
"自控力:斯坦福高校实用的25堂心理学课,实操篇",(美) 凯利·麦格尼格尔著,B842.6-49/210-1,6,3,0.5,北京联合出版公司,2018
历史唯物主义与精神生活研究,庞立生著,B03/44,4,3,0.75,人民出版社,2020
止学:知止的人生智慧,王福利著,B241.1/1,6,3,0.5,金城出版社,2017
雅克·拉康:read your symptoms.上,吴琼著,B565.59/14-1,6,3,0.5,中国人民大学出版社,2011
雅克·拉康:read your symptoms.下,吴琼著,B565.59/14-2,6,3,0.5,中国人民大学出版社,2011
齐泽克的笑话,(斯洛文) 斯拉沃热·齐泽克(Slavoj Zizek's)著,B-49/71,6,3,0.5,河南大学出版社,2017
《易经》的智慧,傅佩荣著,B221-49/1,10,3,0.3,北京理工大学出版社,2011.01
中国哲学史.下,冯友兰著,,2,3,1.5,中华书局,2014.04
中国哲学史.上,冯友兰著,B2/68-1,2,3,1.5,中华书局,2014.04
情商,(美) 丹尼尔·戈尔曼著,B842.6/45,8,3,0.38,中信出版社,2010
精神现象学.上卷,(德) 黑格尔著,B516.35/4-1,7,3,0.43,商务印书馆,2009
商君书,石磊译注,B226.21/1,3,3,1.0,中华书局,2009.10
时间是良药,(日) 比留间荣子著,B821-49/1086,6,3,0.5,北京联合出版公司,2021
逻辑思维训练1500题,于雷编著,B80-49/8,8,3,0.38,清华大学出版社,2016.9
人心可测:破解微表情背后的密码,姜振宇著,B842.6-49/179,2,3,1.5,中国友谊出版公司,2018
"少有人走的路,心智成熟的旅程",(美) M·斯科特·派克著,B821-49/380,2,3,1.5,中国商业出版社,2013
软能力,吴军著,B821-49/1143,4,3,0.75,新星出版社,2022
哲学的历程:西方哲学历史导论:a historical introduction to philosophy,(美) William F. Lawhead著,B5/75=4,6,3,0.5,中国轻工业出版社,2017
了不起的我:自我发展的心理学,陈海贤著,B848.4-49/941,4,3,0.75,台海出版社,2019
深入浅出慢读细品道德经,张易山编著,B223.1-49/3,6,3,0.5,中国华侨出版社,2012
依恋效应:为什么我们总在关系中受挫:exploring the powerful ways our earliest bond shapes our relati...,(美) 彼得·洛文海姆(Peter Lovenheim)著,B84/219,6,3,0.5,中国人民大学出版社,2021
逻辑思维训练500题,于雷,B80-44/1,2,3,1.5,新世界出版社,2016
西方哲学史:a historical survey with essential readings,"(美) 撒穆尔·伊诺克·斯通普夫(Samuel Enoch Stumpf), 詹姆斯·菲泽(James Fieser)著",B5/5=9,6,3,0.5,北京联合出版公司,2019
暗黑心理学:幸灾乐祸与人性的阴暗面:schadenfreude and the dark Side of human nature,(美) 理查德·史密斯著,B84/110,6,3,0.5,人民邮电出版社,2015
卜辞看人生:易经,傅佩荣编撰,B221.5/51,4,3,0.75,九州出版社,2017
底层逻辑:看清这个世界的底牌:how to see the essence of things,刘润著,B848.4-49/1087,6,3,0.5,机械工业出版社,2021
大学生心理健康十六讲,"樊富珉, 费俊峰主编",B844.2/77,6,3,0.5,高等教育出版社,2013
画出你的世界:思维导图实战手册.修订版,曲智男著,B804-62/2,6,3,0.5,电子工业出版社,2013
情感勒索,"(美) 苏珊·福沃德, 唐娜·弗雷泽著",B842.6/129,6,3,0.5,四川人民出版社,2018
刻意练习:如何成为一个高手:42 rules for getting better at getting better.第2版,"(美) 道格·莱莫夫, 艾丽卡·伍尔韦, 凯蒂·叶兹",B848.4-49/689=2,2,3,1.5,中国青年出版社,2017
自卑与超越,(奥) 阿尔弗雷德·阿德勒著,B848/68,2,3,1.5,北京联合出版公司,2016
非暴力沟通,(美) 马歇尔·卢森堡,C912.1-49/102,6,11,1.83,华夏出版社,2009
第二性:纪念版.Ⅰ.Ⅰ,(法) 西蒙娜·德·波伏瓦(Simone de Beauvoir)著,C913.68/3-1,7,8,1.14,上海译文出版社有限公司,2021
亲密关系,"(美) 罗兰·米勒, 丹尼尔·珀尔曼著",C912.1/184=5,14,18,1.29,人民邮电出版社,2011
亲密关系,(美) 罗兰·米勒著,C912.3/80=6,4,7,1.75,人民邮电出版社,2015
精英的傲慢:好的社会该如何定义成功？:can we find the common good?,(美) 迈克尔·桑德尔(Michael J. Sandel)著,C91/116,6,7,1.17,中信出版集团,2021
社会心理学,(美) 戴维·迈尔斯(David G. Myers)著,C912.6/32=11,9,6,0.67,人民邮电出版社,2016
乌合之众,(法) 古斯塔夫·勒庞著,C912.64/25,6,6,1.0,中国友谊出版公司,2019
乡土中国,费孝通著,C912.82/10,9,6,0.67,人民出版社,2012.01
管理决策分析.第3版,赵新泉主编,C934/63=3,6,6,1.0,科学出版社,2014
利用Python进行数据分析,韦斯·麦金尼著,C819/84=2,4,6,1.5,机械工业出版社,2018
始于极限:女性主义往复书简,"(日) 上野千鹤子, 铃木凉美著",C913.68-49/4,2,5,2.5,新星出版社,2022
倦怠社会,(德) 韩炳哲著,C91/138,2,5,2.5,中信出版集团股份有限公司,2019
社会性动物.第12版,"(美) 艾略特·阿伦森(Elliot Aronson), 乔舒亚·阿伦森(Joshua Aronson)著",C912.6/59=12,6,5,0.83,华东师范大学出版社,2020
独裁者手册,"(美) 布魯斯·布而诺·德·梅斯奎塔, 阿拉斯泰尔·史密斯著",C933-62/3,6,5,0.83,江苏文艺出版社,2014
管理至简:以实践为根基实现简单、自然、有效的管理:what manager do and can do better,(加) 亨利·明茨伯格著,C93/335,7,5,0.71,机械工业出版社,2014
人类学的邀请:认识自我和他者,(美) 卢克·拉斯特(Luke Eric Lassiter)著,C912.4/65=4,6,5,0.83,北京大学出版社,2021
从零开始的女性主义,"(日) 上野千鹤子, 田房永子著",C913.68-49/3,6,5,0.83,北京联合出版公司,2021
原则,(美) 瑞·达利欧(Ray Dalio)著,C93-49/65,10,4,0.4,中信出版集团,2018
"金字塔原理:思考、表达和解决问题的逻辑:logic in writing, thinking and problem solving.第2版",(美) 芭芭拉·明托著,C93-49/37=2,6,4,0.67,南海出版公司,2013
爱的艺术,(美) 艾里希·弗洛姆著,C912.6/47,6,4,0.67,上海译文出版社,2019
乡土中国,费孝通著,C912.82/12,4,4,1.0,北京大学出版社,2012
人性的弱点.修订版,(美) 戴尔·卡耐基著,C912.11-49/15=2,4,4,1.0,天津人民出版社,2013.01
德鲁克经典管理案例解析,(美) 彼得·德鲁克(Peter F. Drucker)著,C93/47,12,4,0.33,机械工业出版社,2009
非暴力沟通,(美) 马歇尔·卢森堡,C912.11-49/33,2,4,2.0,华夏出版社,2016
科学管理原理,(美) 弗雷德里克·温斯洛·泰勒著,C931/10,6,4,0.67,北京大学出版社,2013
领导科学与领导艺术,刘峰著,C933/67,6,4,0.67,高等教育出版社,2014
人性的弱点,(美) 戴尔·卡耐基著,C912.1-49/148,8,4,0.5,中国华侨出版社,2018
社会心理学.第4版,侯玉波编著,C912.6/54=4,5,4,0.8,北京大学出版社,2018.8
毫无意义的工作:a theory,著 (美) 大卫·格雷伯(David Graeber),C976.1/4,4,4,1.0,中信出版集团,2022
乌合之众:大众心理研究,勒庞,C912.64/12,4,4,1.0,译林出版社,2016
管理学,"(美) 斯蒂芬·罗宾斯(Stephen P. Robbins), 玛丽·库尔特(Mary Coulter)著",C93/443=13,8,4,0.5,中国人民大学出版社,2017
统计学.第7版,"贾俊平, 何晓群, 金勇进编著",C8/184=7,6,4,0.67,中国人民大学出版社,2018
大问题:简明哲学导论:a short introduction to philosophy,"(美) 罗伯特·所罗门, (美) 凯思林·希金斯著",C912.11-49/35=10,6,3,0.5,清华大学出版社,2018
《统计学 (第8版) 》学习指导书,贾俊平编著,C8/278,4,3,0.75,中国人民大学出版社,2021
乌合之众:大众心理研究:a study of the popular mind,(法) 古斯塔夫·勒庞著,C912.64/8,6,3,0.5,中央编译出版社,2014.05
魔鬼搭讪学:这样追女孩真的很容易.修订版,阮琦著,C912.1-49/145,6,3,0.5,长江文艺出版社,2016
人文社会科学研究方法与技巧,王新利著,C3/18,6,3,0.5,高等教育出版社,2018.1
数据科学统计基础,"吕晓玲, 黄丹阳编著",C8/264,6,3,0.5,中国人民大学出版社,2021
组织行为学,《组织行为学》编写组编,C936/256,4,3,0.75,高等教育出版社,2019
非暴力沟通:疗愈关系的正向沟通法,晓雅著,C912.1/250,6,3,0.5,北京时代华文书局,2020
SPSS统计分析从基础到实践.第2版,"罗应婷, 杨钰娟编著",C819/10=2,6,3,0.5,电子工业出版社,2010
质性研究数据分析工具NVivo 12实用教程,冯狄著,C3-39/3,6,3,0.5,人民邮电出版社,2020.05
惊呆了! 原来这就是社会学,"(日) 田中正人, 香月孝史著",C49/16,6,3,0.5,南海出版公司,2021
乌合之众:大众心理研究:a study of popular mind:全译本,(法) 古斯塔夫·勒庞著,C912.64/7,6,3,0.5,天津人民出版社,2013
社会统计分析方法:SPSS软件应用,主编郭志刚,C91-03/10=2,6,3,0.5,中国人民大学出版社,2015
人性实验:改变社会心理学的28项研究:revelations from social psychology,"(美) 库尔特·P. 弗雷(Kurt P. Frey), (英) 艾登·P. 格雷格(Aiden P. Gregg)著",C912.6-0/32,4,3,0.75,中国人民大学出版社,2021
数据、模型与决策.管理科学篇.Quantitative approaches to decision making,(美) 戴维 R. 安德森 ... [等] 著,C934/46=13,8,3,0.38,机械工业出版社,2012.06
自杀论:社会学研究,(法) 埃米尔·迪尔凯姆著,C913.9/1,9,3,0.33,商务印书馆,2009
人性的弱点:如何赢得友谊并影响他人,(美) 戴尔·卡耐基著,C912.11-49/75,2,3,1.5,浙江文艺出版社,2017
为人三会:会说话 会办事 会做人,李牧怡编著,C912.11-49/117,2,3,1.5,成都地图出版社,2018
乌合之众:大众心理研究:a study of the popular mind,(法) 古斯塔夫·勒庞著,C912.64/1,6,3,0.5,中国三峡出版社,2011.1
"沟通的艺术:看入人里, 看出人外","(美) 罗纳德·B·阿德勒, 拉塞尔·F·普罗科特著","C912.1/178, C912.1/178=14",3,3,1.0,世界图书出版公司北京公司,2015
整体网分析:UCINET软件实用指南:a practical guide to UCINET.第3版,刘军著,C912.3-39/5=3,6,3,0.5,格致出版社,2019
Stata统计分析与实验指导:视频教学版,杨维忠编著,C819/184,6,3,0.5,清华大学出版社,2020
"微习惯:简单到不可能失败的自我管理法则:smaller habits, bigger results",(美) 斯蒂芬·盖斯著,C912.1-49/140,2,3,1.5,江西人民出版社,2016
管理信息系统.第7版,"黄梯云, 李一军主编",C931.6/45=7,4,3,0.75,高等教育出版社,2019
第二性:纪念版.Ⅱ.Ⅱ,(法) 西蒙娜·德·波伏瓦(Simone de Beauvoir)著,C913.68/3-2,3,3,1.0,上海译文出版社有限公司,2021
人性的弱点,(美) 戴尔?卡耐基著,C912.1-49/170,4,3,0.75,天津人民出版社,2014
在群中:数字媒体时代的大众心理学,(德) 韩炳哲著,C912.64/26,6,3,0.5,中信出版集团股份有限公司,2019
移动社交网络用户行为感知与管理研究,张继东著,C912.6/50,6,3,0.5,经济科学出版社,2018
工作、消费主义和新穷人,(英) 齐格蒙特·鲍曼(Zygmunt Bauman)著,C91/117,8,3,0.38,上海古籍出版社,2021
乡土中国:插图本,费孝通著,C912.82/15,2,3,1.5,中华书局,2013
SPSS统计分析从入门到精通.第2版,"杜琳琳, 时立文, 薛晓光编著",C819/188=2,8,3,0.38,清华大学出版社,2020.03
"非暴力沟通,详解篇:finding common ground with anyone, anywhere, anytime.上","(美) 简·马兰茨·康纳(Jane Marantz Connor), 戴安·基利安(Dian Killian)著",C912.11-49/167-1(1),4,3,0.75,华夏出版社,2021
置身事内:中国政府与经济发展,兰小欢著,D630.1/162,14,22,1.57,上海人民出版社,2021
圆圈正义:作为自由前提的信念,罗翔著,D909-53/1,6,13,2.17,中国法制出版社,2019
法治的细节,罗翔著,D920.5/104,6,11,1.83,云南人民出版社,2021
筚路维艰:中国社会主义路径的五次选择:five choices on the road to Chinese socialism,萧冬连著,D61/59,6,9,1.5,社会科学文献出版社,2014
刑法学讲义,罗翔著,D924.01/40,6,7,1.17,云南人民出版社,2020
利维坦,(英) 霍布斯著,D03/3,9,6,0.67,商务印书馆,2009
行测80分绝技.上册,粉笔公考编著,D630.3/261-1,6,6,1.0,电子工业出版社,2020
告别百年激进:温铁军演讲录 (2004-2014).上卷,温铁军著,D616/148-1,4,5,1.25,东方出版社,2016
君主论,(意) 尼科洛·马基雅维里著,D033.2/4,17,5,0.29,商务印书馆,2009
申论的规矩:2022版.上册,粉笔公考编著,D630.3/284-1(2022),4,5,1.25,电子工业出版社,2021
个人信息保护法理解与适用,程啸著,D923.75/7,4,5,1.25,中国法制出版社,2021
"2022年国家统一法律职业资格考试,主观题必做150题",张能宝主编,D92-44/14(2022),2,5,2.5,法律出版社,2022.01
中国历代政治得失,钱穆著,D691/31,8,5,0.63,生活·读书·新知三联书店,2012
中国共产党简史,本书编写组编著,D239/12,12,5,0.42,人民出版社,2021
文明的冲突,(美) 塞缪尔·亨廷顿著,D5/22,10,5,0.5,新华出版社,2013
给青年的十二封信,朱光潜著,D432.63/7,4,4,1.0,东方出版中心,2021
西窗法雨,刘星著,D909.1/2,8,4,0.5,法律出版社,2013
西方政治思想史.第2版,《西方政治思想史》编写组编,D091/9=2,6,4,0.67,高等教育出版社,2019
科学社会主义视野下的生态社会主义,曾文婷著,D091.6/44,4,4,1.0,社会科学文献出版社,2019
洞穴奇案,(美) 彼得·萨伯著,D971.2/3,7,4,0.57,三联书店,2012
自由主义.第3版,李强著,D091.5/24=3,2,4,2.0,东方出版社,2015.06
中国历代政治得失,钱 穆著,D69/15,6,4,0.67,东大图书公司,民国66[1977]
劳动与社会保障法学.第2版,《劳动与社会保障法学》编写组,D922.501/9=2,6,4,0.67,高等教育出版社,2018
给青年的十二封信,朱光潜著,D432.63/4,10,4,0.4,中华书局,2013
"社会契约论, 或, 政治权利的原理",(法) 卢梭著,D095.654.1/3,6,4,0.67,商务印书馆,2017
中国马克思主义与当代.2018年版.第4版,本书编写组编,D61/41=4(2018),8,4,0.5,高等教育出版社,2018
国际公法学.第2版,《国际公法学》编写组,D990/7=2,6,4,0.67,高等教育出版社,2018
刑法学.上册.第5版,张明楷著,D924.01/1-1=5,4,4,1.0,法律出版社,2016
刑法学.下.5版,张明楷著,D924.01/1-2=5,4,4,1.0,法律出版社,2016.07
街角社会:一个意大利人贫民区的社会结构,(美)威廉·富特·怀特著,D771.26/1=4,9,3,0.33,商务印书馆,2009
政治学通识,包刚升著,D0-49/3,6,3,0.5,北京大学出版社,2015
重构人的精神生活,"廖小琴, 廖小明著",D648/11,6,3,0.5,中央编译出版社,2015.05
民法总则.修订本,王泽鉴著,D913.04/5,8,3,0.38,北京大学出版社,2009
法学第一课:从本科到研究生法科生指南,桑磊主编,D90/152,4,3,0.75,中国政法大学出版社,2020
中国法律与中国社会,瞿同祖著,D929.22/1,4,3,0.75,商务印书馆,2010
秦制两千年:封建帝王的权力规则,谌旭彬著,D691.21/12,6,3,0.5,浙江人民出版社,2021
党的二十大文件汇编,,D220/34,2,3,1.5,党建读物出版社,2022.11
网络思想政治教育研究,崔家生著,D641-39/1,4,3,0.75,山东画报出版社,2016
中国共产党党内法规研究,"王振民, 施新州等著",D262.6/20,4,3,0.75,人民出版社,2016
刑法学.3版,齐文远主编,D924.01/20=3,2,3,1.5,北京大学出版社,2016
行政法与行政诉讼法图释,"黄辉, 马琳昆编著",D922.105/21,2,3,1.5,北京大学出版社,2022
国际关系分析.第3版,"阎学通, 何颖著",D80/14=3,2,3,1.5,北京大学出版社,2017
中国法律与中国社会.新1版,瞿同祖著,D929.22/1=2,2,3,1.5,中华书局,2003.09
现代社会与犯罪治理:网络犯罪专题研讨:中国犯罪学学会年会论文集(2020年),"邓云, 陶建平主编",D917-532/1(2020),2,3,1.5,中国检察出版社,2020
"刑法学.下册,各论",《刑法学》编写组编,D924.01/41-2,6,3,0.5,高等教育出版社,2019
治国理政思想方法十讲,董振华等著,D25/15,6,3,0.5,人民出版社,2017
习近平法治思想概论,《习近平法治思想概论》编写组编,D2-0/209,6,3,0.5,高等教育出版社,2021
为权利而斗争,(德) 耶林著,D90/77,6,3,0.5,商务印书馆,2017
申论80分绝技,粉笔公考编著,D630.3/260,6,3,0.5,电子工业出版社,2020
想点大事:法律是种思维方式,刘晗著,D90-059/23,4,3,0.75,上海交通大学出版社,2020
申论的规矩:2022版.下册,粉笔公考编著,D630.3/284-2(2022),4,3,0.75,电子工业出版社,2021
西窗法雨.第2版,刘星著,D90-53/5=2(1),2,3,1.5,法律出版社,2022.02
民法思维:请求权基础理论体系,王泽鉴著,D913.04/2,8,3,0.38,北京大学出版社,2009
经济法:含习题与案例.第7版,"主编刘泽海, 薛建兰",D922.290.1/60=7,6,3,0.5,南京大学出版社,2020
理论自信:马克思主义与中华文明,左鹏等著,D61/328,2,3,1.5,人民出版社,2021
全面依法治国视域下的党内执纪研究,李天昊著,D262.6/110,4,3,0.75,人民日报出版社,2019
宪法学讲义,张千帆著,D921.01/4,8,3,0.38,北京大学出版社,2011
法治及其本土资源.第4版,苏力著,D920.0/8=4,2,3,1.5,北京大学出版社,2022
可能性的艺术:比较政治学30讲,刘瑜著,D0/173,4,3,0.75,广西师范大学出版社,2022
法治及其本土资源.第3版,苏力著,D920.0/8=3,6,3,0.5,北京大学出版社,2015
车浩的刑法题:北京大学法学院“刑法分论”考题解析,车浩著,D924-44/3,6,3,0.5,北京大学出版社,2016
习近平关于社会主义文化建设论述摘编,中共中央文献研究室编,D2-0/50,12,3,0.25,中央文献出版社,2017
国际关系入门.第2版,邢悦编著,D80/15=2,2,3,1.5,北京大学出版社,2017.11
"2022年国家统一法律职业资格考试专题攻略,易错·高频考点关联速记",法律考试中心组编,D92/58-2(2022),6,3,0.5,法律出版社,2021
大学军事理论教程,"张建英, 刘征, 李彦磊主编",E0-43/7,4,5,1.25,国防大学出版社,2019
大学生军事理论教程,主编曾昌良,E0-43/6,4,4,1.0,电子科技大学出版社,2020
三十六计全鉴.第2版,东篱子解译,E892/7=2,6,3,0.5,中国纺织出版社,2014.01
孙子兵法与当下生活,明志著,E892.25/15,6,3,0.5,中国长安出版社,2013
军事理论教程,"花亚纯, 何东方主编",E0-43/5,6,3,0.5,国防工业出版社,2014
孙子兵法精解,(春秋) 孙武著,E892.25/12,3,3,1.0,海潮出版社,2012.08
全注全解孙子兵法与三十六计,(春秋) 孙武等著,E892.2/17,4,3,0.75,中国华侨出版社,2018
孙子兵法,陈曦译注,E892.25/23,8,3,0.38,中华书局,2015.01
高校军事理论教程,上海市教委学生军训办公室 ... [等] 编著,E0-43/4,6,3,0.5,同济大学出版社,2014
孙子兵法详解.上,"孔干, 王金宝著",E892.2-49/4-1,2,2,1.0,新华出版社,2012
普通高等学校军事理论教程,蒋克权，彭文彩主编,E0-43/2,13,2,0.15,合肥工业大学,2007
认知电子战原理与技术,王沙飞 ... [等] 编著,E866/9,8,2,0.25,国防工业出版社,2018
枪口下的北洋,袁灿兴著,E296/6,6,2,0.33,人民日报出版社,2013.01
世界潜艇百科详解,(美) 大卫·罗斯著,E925.66/9,6,2,0.33,机械工业出版社,2019
战略论:间接路线:the indirect approach,(英) 李德·哈特著,E81/7,4,2,0.5,上海人民出版社,2010
俄罗斯空中力量.II,(俄) 叶菲姆·戈登著,E512.54/1-2,2,2,1.0,军事谊文出版社,2011.11
中国雄师第四野战军:名将谱·雄师录·征战记.第2版,"翟唯佳, 曹宏编著",E297.4/36=2,6,2,0.33,中共党史出版社,2014.09
大学军事教程,主编杨新,E0-43/3,6,2,0.33,东南大学出版社,2014
孙子兵法·三十六计,膳书堂文化编著,E892.2-49/2,3,1,0.33,中国画报出版社,2012.01
强军,本书编写组编,E2/6,1,1,1.0,人民出版社,2017
第二野战军,王玉彬著,E297.4/31,6,1,0.17,长征出版社,2012
尖刀:中国人民解放军钢铁王牌军征战实录.1,陈冠任著,E297/5-1,6,1,0.17,人民出版社,2013
超限战与反超限战:中国人提出的新战争观美国人如何应对,"乔良, 王湘穗著",E81/8,2,1,0.5,长江文艺出版社,2016
全球军警犬50,军情视点编,E965/1,6,1,0.17,化学工业出版社,2017
全球舰艇图鉴大全,军情视点编,E925.6-64/4,4,1,0.25,化学工业出版社,2016
莱特湾大海战,(美) 詹姆斯·D. 霍恩费舍尔著,E195.2/100,6,1,0.17,重庆大学出版社,2015
英国战列舰全史:1906-1914:1906-1914,江泓著,E925.61/4,6,1,0.17,中国长安出版社,2015
世界航空母舰全览,"王子午, 许涛著",E925.671/8,6,1,0.17,中国长安出版社,2013.10
长征中的名战名将,"罗元生, 刘标玖著",E297.23/1,6,1,0.17,中国言实出版社,2015.03
美军眼里的中国军队:美国陆军战争学院研究报告:assessing the operational capabilities of China's mil...,"(美) 甘浩森, 赖大卫, 施道安编",E20-53/1,6,1,0.17,世界知识出版社,2015
空中杀手:二战中的十大经典战斗机,(美)吉姆·劳里尔(Jim Laurier)著,E926.31/26,6,1,0.17,机械工业出版社,2021
中国历代战争史.第1册:上古～春秋 (上),台湾三军大学编著,E29/2-1,6,1,0.17,中信出版社,2012
C形包围:内忧外患下的中国突围,戴旭著,E81/3,6,1,0.17,文汇出版社,2010
最后一役:1945柏林战役:the classic history of the battle for berlin,(美) 科尼利厄斯·瑞恩著,E195.2/112,8,1,0.13,中信出版社,2015
中国兵器史.第2版,周纬著,E92-092/2=2,2,1,0.5,中国友谊出版公司,2015
重装集结:二战德军坦克及变型车辆全集,张翼编著,E923.1/5,3,1,0.33,人民邮电出版社,2012
大国之魂:25周年纪念版,邓贤著,E296.93/7,4,1,0.25,人民文学出版社,1991
海权论,(美) 阿尔弗雷德·塞耶·马汉著,E815/9,6,1,0.17,中国言实出版社,2015.04
击沉一切:太平洋舰队潜艇部队司令对日作战回忆录,(英) 查尔斯·A. 洛克伍德著,E195.2/202,4,1,0.25,江苏凤凰文艺出版社,2020
新编大学军事理论与技能教程.第2版,"主编田立山, 柳炳祥, 贾建华",E0-43/8=2,2,1,0.5,中共中央党校出版社,2019
论中国海权.第3版,张文木著,E815/22=3,2,1,0.5,海洋出版社,2014.01
"海洋与权力:一部新文明史:maritime culture, continental empires and the conflict that made the mode...",(英) 安德鲁·兰伯特(Andrew Lambert)著,E815/21,6,1,0.17,湖南文艺出版社,2021
解放军为什么能赢:写给新一代人看的军史,徐焰著,E297/3,3,1,0.33,广东经济出版社,2012.10
全球战机图鉴大全,军情视点编,E926.31-64/2,6,1,0.17,化学工业出版社,2016.05
俄罗斯“新面貌”军事改革研究,张桂芬主编,E512.2/1,4,1,0.25,国防大学出版社,2016
莫斯科战役1941:二战“台风”行动与德军的首次大危机,"原著 (瑞典) 尼克拉斯·泽特林, 安德斯·弗兰克森",E512.9/21,4,1,0.25,台海出版社,2018
蒋介石的铁血卫队:中国顶尖王牌卫队的内幕和真相,华宸著,E296/3,6,1,0.17,中央编译出版社,2011
潜艇战术的秘密,(日) 柿谷哲也著,E925.66-49/6,6,1,0.17,机械工业出版社,2021
世界手枪鉴赏指南:珍藏版.第2版,《深度军事》编委会编著,E922.11-62/1=2,6,1,0.17,清华大学出版社,2017
单兵武器鉴赏指南:珍藏版.第2版,《深度军事》编委会编著,E922-62/2=2,6,1,0.17,清华大学出版社,2017
军事里的中国史,冷兵器研究所著,E29/10,4,1,0.25,新世界出版社,2022
现代枪械大百科:图鉴版,《深度军事》编委会编著,E922.1-64/7,2,1,0.5,清华大学出版社,2015
第一野战军,许福芦著,E297.4/32,6,1,0.17,长征出版社,2012
利剑:中国人民解放军钢铁常胜军征战实录.2,陈冠任著,E297/4-2,6,1,0.17,人民出版社,2013
海权论:海权对历史的影响:1660-1783,(美) 阿尔弗雷德·塞耶·马汉著,E815/14,4,1,0.25,时代文艺出版社,2014
"战车模型制作教程,旧化篇,Weathering",(西) 米格·西蒙尼斯(Mig Jimenez)著,E923-43/2-1,6,1,0.17,机械工业出版社,2019
虎式坦克全书,(英) 托马斯·安德森(Thomas Anderson)著,E923.1/28,2,1,0.5,机械工业出版社,2020
巨人的对决:日德兰海战中的主力舰:dreadnoughts in battle of Jutlands,张宇翔著,E925.6/9,5,1,0.2,吉林文史出版社,2016
坚定不移地走中国特色强军之路,季明著,E20/3,6,1,0.17,经济科学出版社,2017
中国发展海权战略研究,刘新华著,E815/10,6,1,0.17,人民出版社,2015
解密世界特种部队,《轻武器系列丛书》编委会编著,E156/15,6,1,0.17,航空工业出版社,2014.07
仁川登陆战,丛书编委会主编,E712.9/7,2,1,0.5,外文出版社,2013
俄罗斯特种部队全传,杨沫沫编著,E512.56/1,6,1,0.17,凤凰出版社,2010.9
明帝国边防史:从土木堡之变到大凌河血战,指文烽火工作室著,E294.8/2,6,1,0.17,吉林文史出版社,2015.11
战天京,谭伯牛著,E295.2/6,2,1,0.5,岳麓书社,2016
《孙子兵法》智慧全解,丁一编著,E892.25/29,2,1,0.5,华中科技大学出版社,2016
"中国历代战争史.第2册,春秋 (下)～秦",台湾三军大学编著,E29/2-2,10,1,0.1,中信出版社,2012
太平洋岛屿战全书:1941-1945,黄力民编著,E195.2/173,4,1,0.25,中国言实出版社,2018
素书全鉴.第2版,(汉) 黄石公著,E892.33/1=2,6,1,0.17,中国纺织出版社,2014.01
大学军事教程,主编左惟,E0-43/1,6,1,0.17,东南大学出版社,2009
威猛军团:中国人民解放军为何这么彪悍,宋国涛著,E297/6,6,1,0.17,人民日报出版社,2013.04
杀戮与文化:强权兴起的决定性战役,(美) 维克托·戴维斯·汉森著,E19/26,6,1,0.17,社会科学文献出版社,2016
末日计划:二战德国计划试验及冷门坦克装甲车辆全集,张翼编著,E923.1/26,4,1,0.25,吉林文史出版社,2016
孙子兵法全鉴.第2版,(春秋) 孙武著,E892.25/18=2,6,1,0.17,中国纺织出版社,2014.01
企业管理学.第4版,杨善林主编,F272/122=4,14,17,1.21,高等教育出版社,2020
贫穷的本质:我们为什么摆脱不了贫穷:a radical rethinking of the way to fight global poverty.第2版,"(印) 阿比吉特·班纳吉(Abhijit V.Banerjee), (法) 埃斯特·迪弗洛(Esther Duflo)著",F113.9/4=2,10,13,1.3,中信出版集团股份有限公司,2018
"思考, 快与慢",(美) 丹尼尔·卡尼曼(Daniel Kahneman)著,F069.9-49/2,14,11,0.79,中信出版社,2012
"经济学原理,微观经济学分册",(美)曼昆(N. Gregory Mankiw)著,F0/21-2=7,9,11,1.22,北京大学出版社,2015
富爸爸穷爸爸,(美)罗伯特·清崎著,F830.59-49/34,6,9,1.5,四川人民出版社,2017.09
牛奶可乐经济学,(美) 罗伯特· 弗兰克(Robert H. Frank)著,F0-49/113-1,12,8,0.67,北京联合出版公司,2017
企业管理学.第3版,杨善林主编,F272/122=3,14,8,0.57,高等教育出版社,2015
马克思主义政治经济学概论.第2版,《马克思主义政治经济学概论》编写组编,F0-0/5=2,6,7,1.17,人民出版社,2021
计量经济学及Stata应用,陈强编著,F224.0-39/8,6,7,1.17,高等教育出版社,2015
高级计量经济学及Stata应用.第2版,陈强编著,F224.0-39/1=2,9,6,0.67,高等教育出版社,2014
"西方经济学,微观部分.第7版",主编高鸿业,F091.3/54-1=7,8,6,0.75,中国人民大学出版社,2018
"西方经济学,微观部分,= Microeconomics.第8版",组编教育部高教司,F091.3/105-1=8,6,6,1.0,中国人民大学出版社,2021
《企业内部控制基本规范》合规实务指南,梁晟耀编著,F239.45-65/2,6,6,1.0,电子工业出版社,2010.04
管理会计学,王建文主编,F234.3/91,8,6,0.75,科学出版社,2020
曼昆版《宏观经济学》(第十版) 课后题解答与题库,"(美) N. 格里高利·曼昆(N. Gregory Mankiw), 马克·吉布森(Mark Gibson)著",F015-44/16,6,6,1.0,中国人民大学出版社,2021
"硅谷钢铁侠:埃隆·马斯克的冒险人生:tesla, spaceX, and the quest for a fantastic future",(美) 阿什利·万斯著,F279.712.3/22,6,6,1.0,中信出版社,2016
运营管理.第6版,马风才编著,F273/85=6,4,6,1.5,机械工业出版社,2021
企业内部控制配套指引解读与案例分析,企业内部控制编审委员会编著,F279.23/39,6,5,0.83,立信会计出版社,2010
国民经济核算原理与中国实践.第4版,"高敏雪, 李静萍, 许健编著",F222.33/22=4,6,5,0.83,中国人民大学出版社,2018
企业内部控制配套指引讲解与案例分析,企业内部控制研究组编著,F279.23/55,6,5,0.83,东北财经大学出版社,2010
黑天鹅:如何应对不可预知的未来:the impact of the highly improbable.第4版,(美) 纳西姆·尼古拉斯·塔勒布(Nassim Nicholas Taleb)著,F270/426=4,10,5,0.5,中信出版集团,2019
曼昆《宏观经济学》(第10版) 笔记和课后习题详解,主编圣才考研网,F015/166,6,5,0.83,中国石化出版社,2020
富爸爸穷爸爸.全新修订版,"(美) 罗伯特·清崎, 莎伦·莱希特著",F830.59-49/5,8,5,0.63,南海出版公司,2008
营销管理,"(美) 凯文·莱恩·凯勒, (美) 菲利普·科特勒著",F713.50/51=13,8,5,0.63,格致出版社,2009.11
宏观经济学,(美) N. 格里高利·曼昆著,F015/112,6,5,0.83,中国人民大学出版社,2016
人力资源管理案例分析.第2版,吴冬梅等编著,F241/28=2,8,5,0.63,机械工业出版社,2011
创业管理:成功创建新企业:successfully launching new ventures,"(美) 布鲁斯 R. 巴林格, R. 杜安·爱尔兰著",F270/207=3,6,5,0.83,机械工业出版社,2010
商业伦理管理:straight talk about how to do it right,"(美) 琳达·K·屈维诺, 凯瑟琳·A·尼尔森著",F718/4=4,6,5,0.83,电子工业出版社,2010
"经济学原理,宏观经济学分册",(美) 曼昆(N. Gregory Mankiw)著,F0/21-1=7,8,5,0.63,北京大学出版社,2015.05
战略管理.第2版,"王方华, 吕巍等编著",F270/204=2,8,4,0.5,机械工业出版社,2011
Python金融数据分析与挖掘实战,黄恒秋 ... [等] 编著,F830.49/183,4,4,1.0,人民邮电出版社,2020
国有企业内部控制框架,国有企业内部控制课题组著,F276.1/1,6,4,0.67,机械工业出版社,2009.03
浪潮之巅.下册.第4版,吴军著,F49/23-2=4,8,4,0.5,人民邮电出版社,2019
国富论彩图馆,(英) 亚当·斯密著,F091.33-49/1,6,4,0.67,中国华侨出版社,2016
公司理财,"(美) 斯蒂芬 A. 罗斯, 伦道夫 W. 威斯特菲尔德, 杰弗利 F. 杰富著",F276.6/52=9,8,4,0.5,机械工业出版社,2012
Python金融实战案例精粹,斯文著,F830.49/182,5,4,0.8,人民邮电出版社,2020
大拐点,袁剑著,F113.7/17,5,4,0.8,中信出版社,2012.05
货币金融学,张晨主编,F820/77,8,4,0.5,科学出版社,2020
计量经济学原理,(美) 彼得·肯尼迪著,F224.0/124=6,6,4,0.67,中国人民大学出版社,2014
浪潮之巅.上册.第4版,吴军著,F49/23-1=4,8,4,0.5,人民邮电出版社,2019
计量经济学.第4版,庞皓主编,F224.0/11=4,6,4,0.67,科学出版社,2019
计量经济学理论与应用,"王立平, 万伦来等编著","F224.0/19, 27.343/1001",18,4,0.22,合肥工业大学出版社,2008
基础会计学,潘立生主编,F230/498,8,4,0.5,科学出版社,2021
微观经济学习题集.第3版,主编张顺,F016-44/12=3,6,4,0.67,中国人民大学出版社,2021
宏观经济学,(美) N.格里高利·曼昆(N. Gregory Mankiw)著,F015/112=10,4,4,1.0,中国人民大学出版社,2020
第五项修炼:学习型组织的艺术与实践:the art & practice of the learning organization,彼得·圣吉著,F270/164,8,4,0.5,中信出版社,2009
国富论,(英) 亚当·斯密著,F091.33/22,6,4,0.67,华夏出版社,2012
八次危机:中国的真实经验:1949-2009,温铁军等著,F124.8/5,5,4,0.8,东方出版社,2013
计量经济学导论:现代观点:A modern approach,杰弗里·M·伍德里奇著,F224.0/130=5,6,4,0.67,中国人民大学出版社,2015
图解投资学:学会投资的第一本书:彩图典藏版,盛思编,F830.59-64/2,6,4,0.67,中国华侨出版社,2017
国际政治经济学.第3版,朱文莉著,F11-0/81=3,6,4,0.67,北京大学出版社,2021
金融工程.第5版,"郑振龙, 陈蓉主编",F830/233=5,4,4,1.0,高等教育出版社,2020
让数字说话:审计，就这么简单.修订版,"孙含晖, 王苏颖, 阎歌著",F239.0/111=2,6,4,0.67,机械工业出版社,2016
厌女:日本的女性嫌恶,(日) 上野千鹤子著,G131.3/6,10,20,2.0,上海三联书店,2015
娱乐至死,(美) 尼尔·波兹曼著,G241.3/1,8,8,1.0,中信出版社,2015.05
2023年计算机网络考研复习指导,王道论坛组编,G643:TP393/1(2023),6,6,1.0,电子工业出版社,2021
如何阅读一本书,"(美)莫提默·J.艾德勒, (美)查尔斯·范多伦著",G792/8,16,6,0.38,商务印书馆,2004.01
2023年数据结构考研复习指导,王道论坛组编,G643:TP/36(2023),6,6,1.0,电子工业出版社,2021
未来简史:从智人到神人,(以) 尤瓦尔·赫拉利著,G303-49/14,14,6,0.43,中信出版集团,2017
邱关源《电路》(第5版) 笔记和课后习题 (含考研真题) 详解,主编圣才考研网,G643:TM13/1,4,5,1.25,中国石化出版社,2015
优秀的绵羊:the miseducation of the American elite & the way to a meaningful life,(美) 威廉·德雷谢维奇著,G649.712/26,4,5,1.25,九州出版社,2016
"机械考研宝典,机械原理",史瑞东主编,G643:TH11/1-1,4,5,1.25,北京理工大学出版社有限责任公司,2021
大学生网络思想政治教育,教育部思想政治工作司组编,G641-39/1,6,5,0.83,高等教育出版社,2011
网络传播概论.第4版,彭兰著,G206.2/128=4,7,5,0.71,中国人民大学出版社,2017
An introduction to intercultural communication,主编曹湘洪,G115/1,6,5,0.83,科学出版社,2010.01
词以类记:考研英语词汇,张红岩编著,G643:H313/112,6,4,0.67,海豚出版社,2018
思想道德修养与法律基础教学指导书,"孙建英, 徐菂, 贾淑品主编",G641.6/22,6,4,0.67,清华大学出版社,2018
十天搞定考研词汇:便携版.第2版,"王江涛, 刘文涛编著",G643:H313/124=2,2,4,2.0,浙江教育出版社,2019.01
丹尼尔斯经典跑步训练法:世界最佳跑步教练的跑步公式,(美) 杰克·丹尼尔斯著,G822.02/1=3,4,4,1.0,浙江人民出版社,2014
机械原理与机械设计考研宝典,刘演冰主编,G643:TH111/2,6,4,0.67,华中科技大学出版社,2022
2023年操作系统考研复习指导,王道论坛组编,G643:TP/37(2023),6,4,0.67,电子工业出版社,2021
大学生就业指导,"赵秋, 黄妮妮, 姚瑶主编",G647.38/353,6,4,0.67,北京师范大学出版社,2020
新时代大学生就业指导:课程思政版,主编陈飞,G647.38/341,6,4,0.67,厦门大学出版社,2020
父权制与资本主义,(日) 上野千鹤子著,G131.3/17,4,4,1.0,浙江大学出版社,2020
"考研数学复习大全,数学一:2023",汤家凤编著,G643:O13/259-1(2023),4,4,1.0,中国政法大学出版社,2022
弱传播:舆论世界的哲学:the law of the jungle in the public opinion world,邹振东著,G206/53,6,4,0.67,国家行政学院出版社,2018
小鹿学姐材料力学考研150分真题真练,小鹿学姐主编,G643:TB301/2,4,3,0.75,北京理工大学出版社,2022
白话计算机网络:计算机网络考研辅导,崔鸿编著,G643:TP393/4,4,3,0.75,电子工业出版社,2022
"数学历年试题解析,数学一",主编李正元 ... [等],G643:O/101-1(2020),6,3,0.5,中国政法大学出版社,2019
形势与政策,主编杨晓慧,G641.41/14,6,3,0.5,东南大学出版社,2020
如何阅读一本书,"(美) 莫提默·J. 艾德勒, 查尔斯·范多伦著",G792/59,2,3,1.5,商务印书馆,2014
张宇概率论与数理统计9讲,主编张宇,G643:O21/12(2021),6,3,0.5,高等教育出版社,2020
象棋入门一本就够,于川，刘君，吴秉铁编著,G891.2/42,6,3,0.5,化学工业出版社,2016.05
跨文化传播简明英语教程,孙万军编著,G115-43/1,6,3,0.5,中国人民大学出版社,2017
材料力学,"刘杰民, 乔燕编著",G643:TB301/1,6,3,0.5,中国电力出版社,2020
2022年操作系统考研复习指导,王道论坛组编,G643:TP/37(2022),6,3,0.5,电子工业出版社,2021
大众传播理论:范式与流派,刘海龙著,37.103/0234,5,3,0.6,中国人民大学出版社,2008.02
线性代数辅导讲义,主编李永乐,G643:O151.2/21(2022),4,3,0.75,中国农业出版社,2021
2020考研英语 (二) 老蒋讲真题.第1季:试卷版 (第11版):2010-2015.第7版,老蒋图书编委会编写,G643:H3-44/4-1=7(2020),6,3,0.5,机械工业出版社,2019.01
“思想道德修养与法律基础”教学疑难深度解析,"中国人民大学马克思主义学院, 北京高校思想政治理论课高精尖创新中心组编",G641.6/31,6,3,0.5,中国人民大学出版社,2019
大学生就业指导教程,张兵仿主编,G647.38-43/15,6,3,0.5,时事出版社,2016
高校意识形态工作话语权研究,王永进著,G641/138,4,3,0.75,上海交通大学出版社,2017
2020考研英语 (二) 历年真题老蒋详解.第2季:5+1研读版:2016-2019.第11版,老蒋主编,G643:H310.42/15-2=11(2020),6,3,0.5,中国人民大学出版社,2019.05
2018考研英语 (二) 老蒋讲真题.第2季:2014-2017.第9版,老蒋图书编委会编写,G643:H-44/4-2=9(2018),8,3,0.38,机械工业出版社,2017
运筹学解题方法技巧归纳:名校考研(硕博)真题解析,梅述恩编著,G643:O22/1,6,3,0.5,华中科技大学出版社,2017
跨文化能力研究,戴晓东著,G115/19,4,3,0.75,外语教学与研究出版社,2018
大学生就业指导教程,阎大伟主编,G647.38-43/9,6,3,0.5,中国社会科学出版社,2013.03
如何有效阅读一本书:超实用笔记读书法,(日) 奥野宣之著,G792/36,6,3,0.5,江西人民出版社,2016
大学生就业指导,"罗二平, 艾军主编",G647.38/116,6,3,0.5,高等教育出版社,2014
大学生就业指导实训教程.第2版,主编李莉,G647.38-43/31=2,4,3,0.75,北京理工大学出版社,2021
MBA论文写作指南,余来文 ... [等] 编著,G642.477-62/9,6,3,0.5,经济管理出版社,2019
"文献信息检索与案例分析,学术硕士分册","主编王瑜, 张丽英, 高彦静",G254.9/23-1,6,3,0.5,科学出版社,2018
大学生就业指导,黄赤兵主编,G647.38/78,4,3,0.75,厦门大学出版社,2012
100个句子记完5500个考研单词,俞敏洪编著,G643:H313/125,6,3,0.5,浙江教育出版社,2019
高校网络思想政治教育研究,檀江林等著,38.821/4034,20,3,0.15,合肥工业大学出版社,2007
《思想道德修养与法律基础》要点与试题,张会峰编著,G641.6/7,6,3,0.5,北京大学出版社,2015
信息资源管理,李兴国主编,G203/57,6,3,0.5,清华大学出版社,2015
大学生职业生涯规划与就业指导.第2版,赵麟斌主编,G647.38/45=2,8,3,0.38,北京大学出版社,2011
张宇线性代数9讲,张宇主编,G643:O151.2/4(2020),6,3,0.5,高等教育出版社,2019
艰苦创业 自强不息:纪念合肥工业大学增列为全国重点大学五十周年,"主编王德泽, 钟玉海",G649.285.41-53/1,31,3,0.1,合肥工业大学出版社,2010
现代英汉汉英词典,本社辞书部编,H316/58,8,14,1.75,外语教学与研究出版社,2005
牛津高阶英汉双解词典.第4版,原著霍恩比,H316/29=8,5,13,2.6,商务印书馆,2014
牛津·外研社英汉汉英词典.缩印本,朱丽,H316/41,7,12,1.71,外语教学与研究出版社,2010
汉英翻译大词典,"吴文智, 钱厚生主编",H316/65,6,11,1.83,译林出版社,2015
新世纪英汉词典,胡壮麟主编,H316/99,4,10,2.5,外语教学与研究出版社,2018
外研社英汉小词典:大字本.第2版,于麟等主编,H316/47=2,6,9,1.5,外语教学与研究出版社,2012
牛津初阶英汉双解词典.第4版,"编辑Alison Waters, Victoria Bull",H316/69=4,6,9,1.5,商务印书馆,2017
新编英汉 英英 汉英词典.第3版,主编幺建华,H316/55=3,6,9,1.5,中国经济出版社,2013
外研社·柯林斯英汉汉英词典.新版,英国柯林斯出版公司编,H316/33,8,8,1.0,外语教学与研究出版社,2011
顾家北手把手教你雅思写作:6.0版.第6版,顾家北编著,H315/145=6,10,8,0.8,中国人民大学出版社,2019.12
牛津中阶英汉双解词典:缩印本.5版,Alison Waters，Victoria Bull编辑,H316/105=4,2,8,4.0,商务印书馆,2017
"单词密码,雅思(IELTS)词汇词根 词缀记忆法",金利主编,H313.1/368-2,6,7,1.17,华东理工大学出版社有限公司,2019.11
归纳&联想四级必考4000词,主编金利,H313/524,6,7,1.17,华东理工大学出版社,2018
英汉汉英词典.第2版,张柏然主编,H316/95=2,8,7,0.88,四川辞书出版社,2018
雅思词汇真经,刘洪波编著,H313.1/332,6,7,1.17,外语教学与研究出版社,2018
6级翻译,主编潘晓燕,H315.9/120,6,7,1.17,汕头大学出版社,2014
考研英语阅读全破解,杨继编著,H319.37/136,6,6,1.0,浙江教育出版社,2020
六级阅读强化训练600题.第2版,新东方考试研究中心编著,H319.4-44/22=2,6,6,1.0,浙江教育出版社,2020
牛津高阶英汉双解词典.第7版,原著霍恩比,H316/29=7,9,6,0.67,商务印书馆,2009
雅思阅读真经.5.5.3版,刘洪波编著,H319.4/226-5=3,6,6,1.0,中国人民大学出版社,2016.09
牛津高阶英汉双解词典.第5版,原著 (英) 霍恩比,H316/29=9,3,6,2.0,商务印书馆,2018
六级词汇词根+联想记忆法,俞敏洪编著,H313/149,9,6,0.67,西安交通大学出版社,2012.05
牛津高阶英语词典:第8版·英语版.第3版,(英)A S Hornby[著],H316/59=8,6,6,1.0,商务印书馆,2012
牛津英语搭配词典:英汉双解版,克劳瑟,H316/38,5,5,1.0,外语教学与研究出版社,2006
心灵奇旅,青橙英语编著,H319.4:I712/29,6,5,0.83,华东理工大学出版社,2020
柯林斯COBUILD高阶英汉双解学习词典,[英国柯林斯出版公司编],H316/67=8,4,5,1.25,外语教学与研究出版社,2017
Tender is the night,原著(美) F ·S·菲茨杰拉德,H319.4:I/682,6,5,0.83,中国宇航出版社,2012
50000词英汉双解词典.彩插版,周全珍编著,H316/108,4,5,1.25,四川辞书出版社,2020
雅思王听力真题速成:机考笔试第二版.第4版,王陆编著,H319.9/482=4,6,5,0.83,中国人民大学出版社,2020
外研社英汉多功能词典,(日)田中茂范，武田修一，川出才纪编,H316/44,3,5,1.67,外语教学与研究出版社,2008
英语专业四级经典范文200篇,(德)Nick Stirk著,H315/179,6,5,0.83,外文出版社,2013.04
英汉-汉英词典,编者高永伟 ... [等],H316/46,5,5,1.0,上海译文出版社,2012.07
新编大学法语.1,主编徐艳 ... [等],H329.39/5-1,8,5,0.63,外语教学与研究出版社,2019
英语口译笔记法实战指导.第3版,吴钟明主编,H315.9/169=3,6,5,0.83,武汉大学出版社,2017
简明法语教程.上册.Ⅰ.第3版,孙辉编,H32-43/1-1=3,4,5,1.25,商务印书馆,2020.01
四级写作高分范文100篇:新题型,新东方考试研究中心编著,H315/497,6,5,0.83,浙江教育出版社,2015
英汉大词典,主编张柏然,H316/73,2,5,2.5,四川辞书出版社,2017.05
新版中日交流标准日本语:初级,"人民教育出版社,光村图书出版株式会社合作编写","H36/20-1, H36/20-2",12,5,0.42,人民教育出版社,2005
牛津美式英语词典,"主编Jennifer Bradbery, Victoria Bull, Diana Lea",H316/66,6,5,0.83,商务印书馆,2015.08
六级词汇词根+联想记忆法:乱序版,俞敏洪编著,H319.34/53,6,5,0.83,海豚出版社,2018
朗文多功能英汉双解词典.第5版,,H316/76,2,4,2.0,外语教学与研究出版社,2017.01
四级词汇词根+联想记忆法,俞敏洪编著,H313/147,17,4,0.24,西安交通大学出版社,2012.05
小王子,(法) 埃克絮佩里著,H319.4:I/653,4,4,1.0,外文出版社,2012
英汉汉英大词典.第2版,主编高凌,H316/24=2,6,4,0.67,外文出版社,2010
四级阅读强化训练600题.第2版,新东方考试研究中心编著,H319.4-44/26=2,6,4,0.67,浙江教育出版社,2020
简·四级听力,马德高主编,H319.9/936,2,4,2.0,上海交通大学出版社,2020.07
动物农场:英汉对照,George Orwell,H319.4:I/200,6,4,0.67,上海译文出版社,2009.07
新世纪汉英大词典.第2版,杜瑞清主编,H316/87=2,2,4,2.0,外语教学与研究出版社,2016
大学英语四级词汇分频速记多媒体课堂,宋平明主编,H319.3/20,11,4,0.36,中国铁道出版社,2013.04
大学英语4级5套模拟+3套真题.第2版,主编方振宇,H319.6/102=2,10,4,0.4,首都师范大学出版社,2012.08
The great Gatsby,原著(美) F·司各特·菲茨杰拉德,H319.4:I/726,4,4,1.0,中国宇航出版社,2011
"大学俄语,学生用书.1.2版(新版)",北京外国语俄语学院编著,H35/8-1(1)=2,8,4,0.5,外语教学与研究出版社,2009
西南联大英文课,陈福田编,H319.39/50,10,4,0.4,中译出版社,2019
大学英语六级词汇分频速记,"主编刘金龙, 谷青松",H313/361,8,4,0.5,上海交通大学出版社,2015
"红宝书,新日本语能力考试N5、N4文字词汇考前对策","主编许小明, Reika",H363.1/13-4,2,4,2.0,华东理工大学出版社,2018
"考研阅读句句讲,英语一:名师视频伴学版",颉斌斌编著,H319.37/6-1,6,4,0.67,中国人民大学出版社,2020
七节课掌握英语自然拼读,宋德伟编著,H311/33,2,4,2.0,中国水利水电出版社,2017.10
高情商聊天术,张超著,H019-49/104,6,4,0.67,文化发展出版社,2017
SCI论文写作解析:EndNote/RefViz/SPSS/Origin/Illustrator综合教程,"李达, 李玉成, 李春艳主编",H152.3/86,8,4,0.5,清华大学出版社,2012
雅思王听力真题语料库:机考笔试综合版.4版,王陆编著,H319.9-44/30=4,2,4,2.0,中国人民大学出版社,2016
了不起的盖茨比,(美) 弗·司各特·菲茨杰拉德著,H319.4:I/864,6,4,0.67,人民邮电出版社,2015
六级写作高分范文100篇,新东方考试研究中心编著,H315/301,6,4,0.67,浙江教育出版社,2015
四级词汇词根+联想记忆法:乱序版,俞敏洪编著,H313/336,6,4,0.67,浙江教育出版社,2015
芒果街上的小屋.第2版,Sandra Cisneros,H319.4:I/419=2,5,4,0.8,译林出版社,2012.01
外研社新英汉词典,[台湾三民书局股份有限公司编],H316/34,3,4,1.33,外语教学与研究出版社,2011
"新版中日交流标准日本语,初级.上册.第2版","人民教育出版社,光村图书出版株式会社编",H36/12-1(1)=2,6,4,0.67,人民教育出版社,2013
雅思写作真题范文精讲,"孟炎, 王加军编著",H315/284,4,4,1.0,海豚出版社,2020
新日本语能力考试N1-N5文法详解.第2版,"主编许小明, Reika",H360.41/10=2,6,4,0.67,华东理工大学出版社,2015.02
蝇王,(英) 威廉·戈尔丁著,H319.4:I/810,6,4,0.67,上海译文出版社,2014
牛津学生英汉词典:5000单词和短语,,H316/79,2,4,2.0,四川辞书出版社,2017.05
朗文高级英语应试词典,李云峰 ... [等],H316/40,4,4,1.0,外语教学与研究出版社,2011
飞屋环游记,美国迪士尼公司著,H319.4:I/1190,6,4,0.67,华东理工大学出版社,2017
汉英实用词汇词典,高登亮 ... [等] 编,H316/27,6,4,0.67,厦门大学出版社,2010
印度尼西亚语美文晨读,韩旭 ... [等] 编著,H631.294/1,6,4,0.67,世界图书出版公司,2019
现代英汉词典,张福基编,H316/107,2,4,2.0,译林出版社,2018
小小外研社英汉词典:新版,外研社综合英语分社学术与辞书工作室编,H316/60,6,4,0.67,外语教学与研究出版社,2014
新世纪汉英百科大词典,戴炜栋主编,H316/61,3,4,1.33,上海外语教育出版社,2015
雅思写作真经总纲.第2版,刘洪波编著,H315/219=2,6,4,0.67,中国人民大学出版社,2017
十天突破英语六级听力,新东方考试研究中心编著,H319.9/955,2,4,2.0,浙江教育出版社,2022
六级晨读美文100篇,新东方考试研究中心编著,H319.4/565,6,4,0.67,浙江教育出版社,2018
面纱,(英)威廉·萨默塞特·毛姆(William Somerset Maugham)著,H319.4:I/1226,2,4,2.0,上海世界图书出版公司,2016.08
中国文化概况.修订版,主编廖华英,H319.4:G12/1=2,6,4,0.67,外语教学与研究出版社,2015
生死疲劳,莫言著,I247.57/641,26,42,1.62,作家出版社,2012
你当像鸟飞往你的山,(美) 塔拉·韦斯特弗著,I712.55/224,14,31,2.21,南海出版公司,2019
第七天,余华著,I247.5/1908,9,31,3.44,新星出版社,2013
三体,刘慈欣著,I247.5/1133-1,20,30,1.5,重庆出版社,2008
文城,余华著,I247.57/5534,14,29,2.07,北京十月文艺出版社,2021
平凡的世界.第一部.第2版,路遥著,I247.57/577-1=2,18,25,1.39,北京十月文艺出版社,2012.03
"三体.Ⅱ,黑暗森林",刘慈欣著,I247.5/1133-2,20,24,1.2,重庆出版社,2008.05
云边有个小卖部,张嘉佳著,I247.57/3995,6,22,3.67,湖南文艺出版社,2018
解忧杂货店.第2版,(日) 东野圭吾著,I313.45/386=2,10,21,2.1,南海出版公司,2020
百年孤独,加西亚·马尔克斯著,I775.45/1,16,21,1.31,南海出版公司,2011.06
丰乳肥臀,莫言著,I247.57/643,19,21,1.11,作家出版社,2012
"三体.Ⅲ,死神永生,dead end",刘慈欣著,I247.5/1133-3,20,21,1.05,重庆出版社,2010
解忧杂货店,(日) 东野圭吾著,I313.45/386,17,20,1.18,南海出版公司,2014
平凡的世界.第二部.第2版,路遥著,I247.57/577-2=2,17,20,1.18,北京十月文艺出版社,2012.03
活着,余华著,I247.57/1183,9,20,2.22,作家出版社,2013
我与地坛.第2版,史铁生著,I267/307=2,10,20,2.0,人民文学出版社,2011
人生海海,麦家著,I247.57/4010,8,19,2.38,北京十月文艺出版社,2019.04
撒哈拉的故事,三毛著,I267/142,18,18,1.0,北京十月文艺出版社,2009
鹿鼎记.一,金庸 [著],I247.5/2070,10,18,1.8,广州出版社,2013
房思琪的初恋乐园,林奕含,I247.5/3126,8,17,2.13,北京联合出版公司,2018.02
活着.第3版,余华,I247.5/976=3,7,17,2.43,作家出版社,2012.8
月亮与六便士,(英) 毛姆著,I561.45/725,12,17,1.42,浙江文艺出版社,2017
三体,刘慈欣著,I247.5/3236,6,17,2.83,重庆出版社,2016
蛙,莫言著,I247.57/816,28,16,0.57,上海文艺出版社,2012
雪国,(日) 川端康成著,I313.45/368,13,16,1.23,南海出版公司,2013
百年孤独.第2版,(哥伦) 加西亚·马尔克斯著,I775.45/1=2,6,16,2.67,南海出版公司,2017
我与地坛,史铁生著,I217.2/107,6,16,2.67,人民文学出版社,2013
嫌疑人X的献身.第2版,(日) 东野圭吾著,I313.45/262=2,11,16,1.45,南海出版公司,2014
一句顶一万句,刘震云著,I247.57/78,12,16,1.33,长江文艺出版社,2009
献给阿尔吉侬的花束:新译本,(美) 丹尼尔·凯斯(Daniel Keyes)著,I712.45/1767,8,16,2.0,广西师范大学出版社,2015
许三观卖血记,余华著,I247.5/1078,9,15,1.67,作家出版社,2013
"余华作品,活着",余华著,I21/1-1,8,15,1.88,作家出版社,2012.9
"龙族.Ⅱ,悼亡者之瞳.修订版",江南著,I247.59/53-2=2,6,15,2.5,人民文学出版社,2020
杀死一只知更鸟.第2版,(美) 哈珀·李著,I712.45/514=2,8,14,1.75,译林出版社,2012
我与地坛,史铁生著,I267/379,6,14,2.33,人民文学出版社,2008
在细雨中呼喊,余华著,I247.57/341,9,14,1.56,作家出版社,2013
平凡的世界.第三部.第2版,路遥著,I247.57/577-3=2,19,14,0.74,北京十月文艺出版社,2012.03
"三体.Ⅲ,死神永生",刘慈欣著,"I247.5/3143-3, I247.5/3236-3",6,14,2.33,重庆出版社,2016
"龙族.IV,奥丁之渊",江南著,I247.59/53-4,8,14,1.75,长江出版社,2015
月亮与六便士,(英国) 毛姆著,I561.45/1072,6,14,2.33,江苏凤凰文艺出版社,2019
天堂旅行团,张嘉佳著,I247.57/6196,6,13,2.17,湖南文艺出版社,2021
球状闪电:典藏版,刘慈欣著,I247.5/2993,10,13,1.3,四川科学技术出版社,2016.9
在细雨中呼喊.第3版,余华著,I247.57/341=3,6,13,2.17,作家出版社,2012.09
挪威的森林,村上春树著,I313.45/403,18,13,0.72,上海译文出版社,2014
恶意.第3版,(日) 东野圭吾著,I313.45/291=3,6,13,2.17,南海出版公司,2016
苏菲的世界,(挪威) 乔斯坦·贾德著,I533.45/10,16,13,0.81,作家出版社,2017
11字谜案,(日) 东野圭吾著,I313.45/1239,10,13,1.3,人民文学出版社,2020
海边的卡夫卡,村上春树著,I313.45/387,10,13,1.3,上海译文出版社,2014
"龙族.Ⅲ,黑月之潮.下",江南著,I247.59/53-3(3),5,12,2.4,长江出版社,2013
东方快车谋杀案.第4版,(英) 阿加莎·克里斯蒂(Agatha Christie)著,I561.45/268=4,5,12,2.4,新星出版社,2020
哈利·波特与魔法石:英汉对照版,(英) J.K. 罗琳著,I561.84/25,4,12,3.0,人民文学出版社,2021
奇遇之年:每天一首古典音乐:classical music for every day,(英) 克莱门西·伯顿－希尔(Clemency Burton-Hill)著,J605.1/17,6,6,1.0,上海文化出版社,2020
拿起手机拍大片:跟摄影师学手机摄影技巧,郑壬杰著,J41/135,6,4,0.67,人民邮电出版社,2016.07
一本摄影书.第2版,赵嘉编著,J41/133=2,6,4,0.67,电子工业出版社,2015
手机摄影构图为上,雷波编著,J41/247,4,3,0.75,化学工业出版社,2020
音乐录音从“零”学:音频工程与音乐制作初学指南:a beginner's guide to music production,(美) Timothy A. Dittmar著,J619.1-62/1,6,3,0.5,人民邮电出版社,2014
"火鸟,黎明篇",(日)手冢治虫编绘,J238.2/63-1,3,3,1.0,北京联合出版公司,2018.10
乐理自学三月通,陈飞编著,J613/10,2,3,1.5,人民邮电出版社,2017.5
吉他小白的弹奏秘籍:弹好吉他必备的乐理知识,陈飞编著,J623.26/32,6,3,0.5,人民邮电出版社,2020
摄影必修课.上,"钟山, 史林平著",J41/122-1,2,3,1.5,化学工业出版社,2015
中国人的音乐,田青著,J607.2/45,6,3,0.5,中信出版集团股份有限公司,2022
每天懂一点色彩心理学:日本最潮色彩使用说明书,(日) 原田玲仁著,J063-05/1,6,2,0.33,陕西师范大学出版社,2009
设计艺术经典论著选读.第3版,奚传绩编注,J506-53/1=3,5,2,0.4,东南大学出版社,2011
多元形式与传承:民间传统手工艺中的平面艺术研究,陈彦卿著,J528/16,6,2,0.33,中国纺织出版社,2018.02
手机摄影从入门到精通,"FUN视觉, 雷波编著",J41/141,6,2,0.33,化学工业出版社,2017
魔术不难:170种经典魔术图解教程,杨思思编著,J838-64/1,6,2,0.33,中国华侨出版社,2015
COSPLAY热门角色扮演完全手册,摩天文传著,J954-62/1,6,2,0.33,人民邮电出版社,2016
配色设计:方法·方案·商业应用,(韩) 申香善著,J063/49,6,2,0.33,人民邮电出版社,2011.1
森林、冰河与鲸,(日) 星野道夫著,J431/51,4,2,0.5,广西师范大学出版社,2020
索尼微单摄影与视频拍摄从入门到精通,雷波编著,J41/259,2,2,1.0,化学工业出版社,2021
设计的基本:提高设计力的50个灵感指南,(日) mmm.著,J06/471,4,2,0.5,中国水利水电出版社,2021
游戏动漫人体结构造型手绘技法,"肖玮春, 刘昊编著",J218.7/127,2,2,1.0,人民邮电出版社,2016.8
混音指南,(英) 伊扎基(Roey Izhaki)著,J619.1-62/4,3,2,0.67,人民邮电出版社,2010
卡通漫画素描技法.基础篇,Z.X动漫社编著,J218.7/19,6,2,0.33,化学工业出版社,2009.09
手机摄影大师炼成术,"龙飞, 石磊著",J41/140,6,2,0.33,人民邮电出版社,2017
现代设计素描技法,"主编孟宪文, 肖峰",J214/92,3,2,0.67,湖南人民出版社,2006
杨德昌的电影世界,(法) 让-米歇尔·付东著,J905.2/25,6,2,0.33,商务印书馆,2012
蔡志忠 心经,蔡志忠漫画原著,J228.2/60,2,2,1.0,文化艺术出版社,2015.01
中国艺术与哲学.一,陈中浙主编,J0-02/15-1,6,2,0.33,商务印书馆,2018
"火鸟,凤凰篇",(日)手冢治虫编绘,J238.2/63-4,3,2,0.67,北京联合出版公司,2018.10
"设计的125条通用法则:全本:125 way to enhance usability, influence perception, increase appeal, mak...","(美) 威廉·立德威尔(William Lidwell), 克里蒂娜·霍顿(Kritina Holden), 吉尔·巴特勒(Jill Butler)著",J06-49/7,7,2,0.29,中国画报出版社,2019
钢琴弹奏从新手到高手,海天音乐编著,J624.16/5,6,2,0.33,清华大学出版社,2015
平如美棠:我俩的故事,饶平如著,J228.2/59,5,2,0.4,广西师范大学出版社,2013
电影语言的语法,(乌拉圭) 丹尼艾尔·阿里洪(Daniel Arijon)著,J932/10=2,6,2,0.33,北京联合出版公司,2013
蔡志忠 禅说,蔡志忠漫画原著,J228.2/61,2,2,1.0,文化艺术出版社,2015.01
原来这么拍:超越构图,张千里著,J406/40,5,2,0.4,人民邮电出版社,2020
五体字典,"骆恒光, 余巨力书",J292.11-61/1,2,2,1.0,山东美术出版社,2017
风光摄影后期基础,Thomas看看世界著,J414/46,3,2,0.67,电子工业出版社,2018
"遇见中国音乐艺术,[古代篇]",赵文怡著,J609.2/12-1,6,2,0.33,上海交通大学出版社,2021
"摄影笔记,实战篇:你应该会拍的68幅照片",宁思潇潇主编,J41/228-1,4,2,0.5,人民邮电出版社,2018
大学生音乐理论基础与实践,高雁南主编,J60/2,6,2,0.33,清华大学出版社,2014
雾山五行艺术设定集,林魂编著,J954/64,2,2,1.0,中国友谊出版公司,2021
手机摄影技法大全,先锋影像编著,J41/147,6,2,0.33,电子工业出版社,2017
"火鸟,宇宙篇",(日)手冢治虫编绘,J238.2/63-3,3,2,0.67,北京联合出版公司,2018.10
颜真卿勤礼碑,翰墨字帖编委会编,J292.24/17,2,2,1.0,浙江人民美术出版社,2014.12
Film history = 世界电影史 / 2nd ed.,"Bordwell, David.",J909/B729=2,4,2,0.5,"世界图书出版公司,",2012.
唯美人像摄影:简单场景拍出好作品,吴俊辰著,J413/60,6,2,0.33,电子工业出版社,2017
电影是什么？,(法)安德烈·巴赞著,J905-53/7,2,2,1.0,商务印书馆,2017.08
轻松玩转手机摄影,"[胡婷, 雷波著]",J41/180,2,2,1.0,人民邮电出版社,2016
认识乐理:视唱练耳同步学:a fundamentals worktext,"(美) 布鲁斯·本沃德, 芭芭拉·加维·杰克逊, 布鲁斯·R. 杰克逊著",J613/8=8,2,2,1.0,北京联合出版公司,2016
"火鸟,复活篇 羽衣篇",(日)手冢治虫编绘,J238.2/63-5,3,2,0.67,北京联合出版公司,2018.10
手机摄影密码:用手机拍出美好生活,贾树森著,J41/251,4,2,0.5,人民邮电出版社,2021
设计的思考:用户体验设计核心问答,周陟著,J06-44/2,6,2,0.33,清华大学出版社,2019
中国艺术与哲学.三,陈中浙主编,J0-02/15-3,6,2,0.33,商务印书馆,2018
观看之道.第3版,作者约翰·伯格,J205/8=3,6,2,0.33,广西师范大学出版社,2015
纹饰之美:中国纹样的秘密,涂睿明著,J522/27,6,2,0.33,江苏凤凰文艺出版社,2019
华为手机摄影从小白到高手,杨精坤编著,J41/272,6,2,0.33,化学工业出版社,2021
浮世绘,潘力著,J237/8,2,2,1.0,湖南美术出版社,2020
每天10分钟 弹好流行钢琴曲,郑铮铮编著,J657.41/23,2,2,1.0,湖南文艺出版社,2021
构图决定成败,视觉新媒体编著,J406/17,6,2,0.33,机械工业出版社,2013
"明朝那些事儿.第壹部,洪武大帝",当年明月著,K248.09/21-1,11,18,1.64,浙江人民出版社,2011
"明朝那些事儿.第三部,太监弄乱的王朝",当年明月著,"K248.09/1-3, 22.25/9086-3",16,15,0.94,中国海关出版社,2009
"明朝那些事儿.第叁部,妖孽宫廷",当年明月著,K248.09/21-3,12,14,1.17,浙江人民出版社,2011
"明朝那些事儿.第贰部,万国来朝",当年明月著,K248.09/21-2,6,14,2.33,浙江人民出版社,2017
"明朝那些事儿.第一部,朱元璋: 从和尚到皇帝",当年明月著,"K248.09/1-1, 22.25/9086-1",16,14,0.88,中国海关出版社,2009
天才在左 疯子在右:完整版,高铭著,K820.7/36,8,13,1.63,北京联合出版公司,2016
习近平的七年知青岁月,中央党校采访实录编辑室著,K827=76/45,28,13,0.46,中共中央党校出版社,2017
"明朝那些事儿.第肆部,粉饰太平",当年明月著,K248.09/21-4,12,12,1.0,浙江人民出版社,2011
万历十五年,黄仁宇著,K248.307/2,16,12,0.75,中华书局,2014
"明朝那些事儿.第二部,朱棣: 逆子还是明君",当年明月著,"K248.09/1-2, 22.25/9086-2",16,11,0.69,中国海关出版社,2009
人类简史:从动物到上帝:a brief history of humankind,(以色列) 尤瓦尔·赫拉利著,K02-49/1,12,10,0.83,中信出版社,2014.11
"明朝那些事儿.第四部,妖孽横行的宫廷",当年明月著,"K248.09/1-4, 22.25/9086-4",16,8,0.5,中国海关出版社,2009
"明朝那些事儿.第1部,朱元璋：从和尚到皇帝.增补版",当年明月著,K248.09/44-1,4,8,2.0,北京联合出版公司,2017
人类简史:从动物到上帝:a brief history of humankind.第2版,(以色列)尤瓦尔·赫拉利(Yuval Noah Harari)著,K02-49/1=2,16,8,0.5,中信出版集团,2017
"明朝那些事儿.第伍部,帝国飘摇",当年明月著,K248.09/21-5,6,7,1.17,浙江人民出版社,2017
叫魂:1768年中国妖术大恐慌:the Chinese sorcery scare of 1768,(美) 孔飞力著,K249.307/1,10,7,0.7,三联书店,2012
"明朝那些事儿.第2部,朱棣：逆子还是明君.增补版",当年明月著,K248.09/14-2(1),4,7,1.75,北京联合出版公司,2017
"明朝那些事儿.第4部,妖孽横行的宫廷.增补版",当年明月著,K248.09/44-4,2,6,3.0,北京联合出版社,2017
"明朝那些事儿.第6部,帝国, 山雨欲来.图文精印版",当年明月著,K248.09/14-6,4,6,1.5,北京联合出版公司,2011
"明朝那些事儿.第1部,朱元璋：从和尚到皇帝.图文精印版",当年明月著,K248.09/14-1,2,6,3.0,北京联合出版公司,2017
洛克菲勒给儿子的38封信,(美) 约翰·D. 洛克菲勒著,K837.125.38/62,6,6,1.0,中华工商联合出版社有限责任公司,2018
显微镜下的大明,马伯庸著,K248/7,4,6,1.5,湖南文艺出版社,2019
"明朝那些事儿.第五部,内阁不相信眼泪",当年明月著,"K248.09/1-5, 22.25/9086-5",16,6,0.38,中国海关出版社,2009
三国纪,易中天著,K236.07/3,7,5,0.71,浙江文艺出版社,2014
"明朝那些事儿.第七部,拐弯中的帝国",当年明月著,"K248.09/1-7, 22.25/9086-7",16,5,0.31,中国海关出版社,2009
"明朝那些事儿.第陆部,日暮西山",当年明月著,K248.09/21-6,6,5,0.83,浙江人民出版社,2017
苏东坡传,林语堂著,K825.6/106,10,5,0.5,武汉出版社,2012
"明朝那些事儿.第八部,人间再无魏忠贤",当年明月著,"K248.09/1-8, 22.25/9086-8",16,5,0.31,中国海关出版社,2009
"碌碌有为:微观历史视野下的中国社会与民众:Chinese society and people under microhistory.下卷,家、群...",王笛著,K207/82-2,4,5,1.25,中信出版集团股份有限公司,2022
别逗了，费曼先生！,"(美) 理查德·费曼, 拉尔夫·莱顿著",K837.126.11/24,6,5,0.83,湖南科学技术出版社,2019
"明朝那些事儿.第2部,朱棣：逆子还是明君.图文精印版",当年明月著,K248.09/14-2,2,5,2.5,北京联合出版公司,2017
万历十五年,黄仁宇著,K248.307/5,5,5,1.0,九州出版社,2020
万古江河:中国历史文化的转折与开展,许倬云著,K203/165,6,5,0.83,湖南人民出版社,2017
苏东坡传.修订版,林语堂著,K825.6/143,6,5,0.83,湖南文艺出版社,2012
他改变了中国:江泽民传,(美) 罗伯特·劳伦斯·库恩著,K827=7/168,6,4,0.67,上海译文出版社,2005
"明朝那些事儿.第柒部,大结局",当年明月著,K248.09/21-7,12,4,0.33,浙江人民出版社,2011.11
人类群星闪耀时,(奥) 斯蒂芬·茨威格著,K811/92,4,4,1.0,新世界出版社,2019.05
中亚行纪:土库曼斯坦、哈萨克斯坦、塔吉克斯坦、吉尔吉斯斯坦与乌兹别克斯坦之旅:en reise gjennom Turk...,(挪) 埃丽卡·法特兰(Erika Fatland)著,K936.09/2,2,4,2.0,河南文艺出版社,2022
"明朝那些事儿.第六部,帝国, 山雨欲来",当年明月著,"K248.09/1-6, K248.09/4-6, 22.25/9086-6",19,4,0.21,中国海关出版社,2009.4
观我生:壁画上的中国史,苗子兮著,K209/242,4,4,1.0,北京大学出版社,2022
苏东坡传,林语堂著,K825.6=441/15,4,4,1.0,新世界出版社,2015
"明朝那些事儿.第5部,内阁不相信眼泪.增补版",当年明月著,K248.09/44-5,2,4,2.0,北京联合出版公司,2017
全球通史:从史前史到21世纪:from prehistory to the 21st century.上册,(美) 斯塔夫里阿诺斯著,21.11/4245-1=7,16,4,0.25,北京大学出版社,2006
"中国地域文化通览,安徽卷","主编袁行霈, 陈进玉","K203/105-12, K203/62-12",7,4,0.57,中华书局,2013
漫长的余生:一个北魏宫女和她的时代,罗新著,K239.210.7/4,4,4,1.0,北京日报出版社,2022
枪炮、病菌与钢铁:人类社会的命运:the fates of human societies.修订版,(美) 贾雷德·戴蒙德著,K02/13,8,4,0.5,上海译文出版社,2014
人类群星闪耀时:14位巨人的尖锋时刻.增补版,(奥) 斯蒂芬·茨威格著,K811/79,4,4,1.0,湖南文艺出版社,2018
徽州文化地理研究,黄成林著,K925.4/6,6,4,0.67,安徽师范大学出版社,2017
"明朝那些事儿.第九部,1644, 最后的较量",当年明月著,"K248.09/1-9, 22.25/9086-9",16,4,0.25,中国海关出版社,2009
史蒂夫·乔布斯传,(美) 沃尔特·艾萨克森著,K837.125.38/11=2,6,4,0.67,中信出版社,2014.03
一个大国的崛起与崩溃:苏联历史专题研究:1917-1991.下册,沈志华主编,K512.5/4-3,6,4,0.67,社会科学文献出版社,2009.08
曾国藩传,张宏杰著,K827=52/205,2,4,2.0,民主与建设出版社,2019
南明史.上,顾诚著,K248.4/3-1,4,4,1.0,光明日报出版社,2011
海上丝绸之路2000年,梁二平著,K203/141,4,4,1.0,上海交通大学出版社,2016
源的守望:徽州文化生态保护研究,"方利山, 汪炜等著",K295.42/9,6,4,0.67,中国社会科学出版社,2015
翦商:殷周之变与华夏新生,李硕著,K210.3/6,6,4,0.67,广西师范大学出版社,2022
弃长安,张明扬著,K242.205/4,6,4,0.67,天地出版社,2022
"明朝那些事儿.第4部,妖孽横行的宫廷.图文精印版",当年明月著,K248.09/14-4,2,4,2.0,北京联合出版公司,2017
科学究竟是什么?.最新增补本,(英) A. F. 查尔默斯(A.F. Chalmers)著,N02/193,6,5,0.83,商务印书馆,2021
漫画半小时中国科技史,胖乐胖乐著绘,N092-49/6,6,4,0.67,科学技术文献出版社,2021
"中国学科发展战略,手性物质化学","国家自然科学基金委员会, 中国科学院编",N12/20-24,7,4,0.57,科学出版社,2020
系统动力学.第2版,钟永光 ... [等] 著,N941.3/7=2,6,3,0.5,科学出版社,2013
Simulink建模基础及C2000 DSP代码自动生成,刘杰编著,N945.12/37,6,3,0.5,科学出版社,2018
基于模型的混合系统健康监测,(新加坡) Danwei Wang ... [等] 著,N945.11/1,8,3,0.38,国防工业出版社,2017
自然辩证法概论.第2版,《自然辩证法概论》编写组,N031/12=2,6,3,0.5,高等教育出版社,2013
耶鲁极简科学史,(英) 威廉·拜纳姆著,N091-49/31,6,3,0.5,中信出版集团股份有限公司,2018
系统辨识理论及MATLAB仿真.第2版,"刘金琨, 沈晓蓉, 赵龙编著",N945.14/5=2,6,3,0.5,电子工业出版社,2020
可靠性与风险分析蒙特卡罗方法,(意) Enrico Zio著,N945.17/7,6,3,0.5,国防工业出版社,2014
自然辩证法概论,主编黄志斌，茆诗珍,N031/13,8,3,0.38,合肥工业大学出版社,2014.12
仪器科学与科技文明,钱政编著,N091/105,6,3,0.5,清华大学出版社,2022
从一到无穷大:科学中的事实和臆测,(美) G. 伽莫夫著,N49/84,8,2,0.25,科学出版社,2002
自然辩证法概论:专题讲义,"主编孟伟, 唐明贵, 王昭风",N031/21,6,2,0.33,东南大学出版社,2017
仅基于响应的结构模态参数鲁棒辨识技术,刘莉 ... [等] 著,N945.1/8,6,2,0.33,北京理工大学出版社,2022
国家自然科学基金项目申请攻略,薛小怀著,N12/52,4,2,0.5,机械工业出版社,2022
国家自然科学基金项目申请之路:认识现象·探索规律,"王来贵, 朱旺喜著",N12/38,6,2,0.33,科学出版社,2019
环境效率评价背景下的数据包络分析方法研究,"陈磊, 王应明著",N945.12/57,2,2,1.0,科学出版社,2022
系统科学发展概论,"吴今培, 李学伟著",N94/9,6,2,0.33,清华大学出版社,2010
工程概率不确定性分析方法,熊芬芬 ... [等] 编著,N94/47,6,2,0.33,科学出版社,2015
系统建模与仿真,赵雪岩 ... [等] 编著,N945.12/20,6,2,0.33,国防工业出版社,2015
半小时漫画科学史,陈磊·半小时漫画团队著,N091-49/42-1,4,2,0.5,文汇出版社,2020
自然辩证法概论,主编吴国林,N031/14,6,2,0.33,清华大学出版社,2014
系统动力学入门,(奥) 陶在朴著,N941.3/10,6,2,0.33,复旦大学出版社有限公司,2018
自然辩证法概论,《自然辩证法概论》编写组,N031/12,4,2,0.5,高等教育出版社,2012
自然辩证法概论,李树业主编,N031/11,6,2,0.33,天津大学出版社,2014
从一到无穷大:科学中的事实与猜想,(美) 乔治·伽莫夫著,N49/135,6,2,0.33,商务印书馆,2019
国家自然科学基金申请指导与技巧,徐长庆著,N12/35,6,2,0.33,清华大学出版社,2018
哲学的起源.第2版,柄谷行人著,N02/151=2,4,2,0.5,中央编译出版社,2018
自然辩证法.第2版,主编夏建国,N031/16=2,4,2,0.5,武汉大学出版社,2016
钱学森论系统科学.讲话篇,姜璐编,N94-53/2,8,2,0.25,科学出版社,2011
"世界技术编年史,化工 轻工纺织","主编张明国, 赵翰生",N091/93-3,4,2,0.5,山东教育出版社,2019
加速退化试验:不确定性量化与控制:quantification and control of uncertainties,李晓阳著,N945.17/25,4,2,0.5,国防工业出版社,2022
系统建模与计算机仿真,主编陈无畏,N945.12/15,6,2,0.33,机械工业出版社,2013
系统辨识理论及MATLAB仿真,"刘金琨, 沈晓蓉, 赵龙编著",N945.14/5,6,2,0.33,电子工业出版社,2013
趣味科学,(苏)别莱利曼著,N49/151,2,2,1.0,中国华侨出版社,2014
基于知识的聚类:从数据到信息粒:from data to information granules,"(加)派垂驰(Pedrycz, Witold)著",N94/6,8,2,0.25,北京师范大学出版社,2008
DK博物大百科,(英) 英国DK公司编著,N091-49/35,2,1,0.5,科学普及出版社,2018
"钱学森论系统科学,书信篇",姜璐编,N94-53/2-2,6,1,0.17,科学出版社,2012
工程哲学与工程教育,王章豹著,N02/161,15,1,0.07,上海科技教育出版社有限公司,2018.01
系统科学进展.1,郭雷主编,N94/51-1,6,1,0.17,科学出版社,2017
系统科学进展.2,郭雷主编,N94/51-2,4,1,0.25,科学出版社,2019
数据包络分析,魏权龄著,N945.12/35,4,1,0.25,科学出版社,2006
网络层次分析法与决策科学,"孙宏才, 田平, 王莲芬编著",N945/8,6,1,0.17,国防工业出版社,2011.01
"中国学科发展战略,“后摩尔时代”微纳电子学","国家自然科学基金委员会, 中国科学院编",N12/20-25,3,1,0.33,科学出版社,2019
复杂系统建模与仿真,李侠 ... [等] 著,N945.12/52,6,1,0.17,国防工业出版社,2021
工程哲学导论,"主编任立华, 魏军",N02/195,6,1,0.17,大连理工大学出版社,2018
多状态系统可靠性分析方法,狄鹏 ... [等] 著,N945.17/15,6,1,0.17,国防工业出版社,2019
科学简史,"(英) 尼古拉·查尔顿, 梅瑞迪斯·麦克阿德著",N091-49/30,4,1,0.25,中国友谊出版公司,2018
钱学森系统科学思想研究,苗东升著,N94/23,6,1,0.17,科学出版社,2012
实用灰色预测建模方法及其MATLAB程序实现,"曾波, 尹小勇, 孟伟著",N949-39/1,6,1,0.17,科学出版社,2018.2
女性主义视野中的技术,易显飞著,N02/168,4,1,0.25,北京师范大学出版社,2018
智慧的钥匙:钱学森论系统科学.第2版,上海交通大学钱学森研究中心编,N94-53/4=2,2,1,0.5,上海交通大学出版社,2015
复杂系统建模与仿真,"白世贞, 张鹤冰, 薛宁主编",N945.12/44,4,1,0.25,经济管理出版社,2019
系统建模与仿真,罗国勋 ... [等] 编著,N945.12/7,8,1,0.13,高等教育出版社,2011
科技人员的道德想象力研究:技术责任伦理的实践路径探析,杨慧民著,N02/109,4,1,0.25,人民出版社,2014
哲学·科学·常识,陈嘉映著,N02/165,6,1,0.17,中信出版集团,2018
进击的科技:从爱因斯坦到人工智能,(美) 达戈戈·阿尔特莱德(Dagogo Altraide)著,N091/51,6,1,0.17,中信出版集团,2020
人类2.0:在硅谷探索科技未来,(美)皮埃罗·斯加鲁菲(Piero Scaruffi)，牛金霞，闫景立著,N49/104,6,1,0.17,中信出版集团股份有限公司,2017.02
美国自然博物馆终极指南,(美) 阿什顿·阿普尔怀特(Ashton Applewhite)著,N287.12-62/1,6,1,0.17,重庆大学出版社,2020
博物学家的传世珍宝:来自伦敦自然博物馆的自然藏品集,伦敦自然博物馆编著,N285.61/1,6,1,0.17,化学工业出版社,2017
人类科技创新简史:欲望的力量,(美) 董洁林著,N091/86,6,1,0.17,中信出版集团股份有限公司,2019
科学的历程.第2版,吴国盛著,N091/40=2,6,1,0.17,北京大学出版社,2016.07
"20世纪中国知名科学家学术成就概览,地学卷,地质学分册.二",总主编钱伟长,N12/9-1(3-2),1,1,1.0,科学出版社,2013.01
发明的故事,(美) 房龙著,N19-49/37,2,1,0.5,三联书店,2021.07
可靠性与风险分析算法,(意) Enrico Zio著,N945.17/8,6,1,0.17,国防工业出版社,2014
天工开物,(明) 宋应星著,N092/28,9,1,0.11,中国画报出版社,2013.03
科学史:及其与哲学和宗教的关系.下册,(英) W. C. 丹皮尔著,N091/9-2,3,1,0.33,商务印书馆,2009
科学探索逻辑,刘润泽著,N49/61,6,1,0.17,西苑出版社,2012
科学与伦理,李醒民著,N02/235,6,1,0.17,中国人民大学出版社,2021
"科技之巅.3,《麻省理工科技评论》100项全球突破性技术深度剖析",麻省理工科技评论著,N11/22-3,6,1,0.17,人民邮电出版社,2019.07
必然,(美) 凯文·凯利著,N11-49/1,6,1,0.17,电子工业出版社,2016
自然辩证法概论,主编陈凡,N031/4,6,1,0.17,人民教育出版社,2010
黑科技:连接世界的100项技术,日经BP编,N49/147,6,1,0.17,东方出版社,2019
"论问题学:哲学、科学和语言:philosophie, science et langage",(比) 米歇尔·梅耶著,N02/101,6,1,0.17,中国社会科学出版社,2014
系统建模与仿真,刘思峰 ... [等] 编著,N945.12/11,6,1,0.17,科学出版社,2012
麻省理工深度思考法:从模型及动力机制来思考现象,(日) 平井孝志著,N941.3/9,6,1,0.17,中国华侨出版社,2018
系统可靠性理论,"程五一, 王贵和, 吕建国编著",N945.17/3,6,1,0.17,中国建筑工业出版社,2010
科学哲学,(英) 萨米尔·奥卡沙著,N02/72,6,1,0.17,译林出版社,2013
现代社会技术化的历史哲学反思,宋洁著,N02/252,4,1,0.25,中国社会科学出版社,2022
科学伦理的理论与实践,洪晓楠等著,N02/98,4,1,0.25,人民出版社,2013
从一到无穷大:科学中的事实与猜想,(美) 乔治·伽莫夫(George Gamow)著,N49/141,4,1,0.25,文化发展出版社,2019
爱因斯坦文集.第一卷.第2版,许良英 ... [等] 编译,N53/3-1=2,8,1,0.13,商务印书馆,2009
灰预测与决策方法,"肖新平, 毛树华著",N941.5/2,6,1,0.17,科学出版社,2013
忧思:生命中的N个危机,陈红著,N4/7,6,1,0.17,上海科学技术出版社,2015
十八世纪科学、技术和哲学史.下册,(英) 沃尔夫著,N091/10-2,7,1,0.14,商务印书馆,2009
系统综合评价与数据包络分析方法:建模与应用,王科著,N945.12/36,3,1,0.33,科学出版社,2018
系统辨识与自适应控制MATLAB仿真.第3版,"庞中华, 崔红编著",N945.14/6=3,6,1,0.17,北京航空航天大学出版社,2017
系统建模与仿真,刘雁主编,N945.12/45,4,1,0.25,西北工业大学出版社,2020
被平均的风险:如何应对未来的不确定性,(美) 萨姆·萨维奇(Sam L. Savage)著,N94/66,6,1,0.17,中信出版集团,2019
国际科技动态跟踪:生物医药,"吴雅琼, 吕志坚主编",N11/10-5,4,1,0.25,清华大学出版社,2013
"科技之巅.2,《麻省理工科技评论》2017年10大全球突破性技术深度剖析",麻省理工科技评论著,N11/22-2,6,1,0.17,人民邮电出版社,2017.6
美国的痛点:科学否定派如何威胁我们的未来:how sclence deniers threaten our future,(美) 唐纳德·普罗西罗 (Donald R. Prothero) 著,N171.2/1,6,1,0.17,电子工业出版社,2015
系统工程.第5版,汪应洛主编,N945-43/3=5,6,1,0.17,机械工业出版社,2016
实验室安全与环境保护,"主编敖天其, 廖林川",N33/8,6,1,0.17,四川大学出版社,2015
系统工程,主编薛弘晔,N945/46,6,1,0.17,西安电子科技大学出版社,2017
半小时漫画科学史.2,陈磊·半小时漫画团队著,N091-49/42-2,4,1,0.25,文汇出版社,2020
系统工程原理.第2版,谭跃进 ... [等] 编著,N945/6=2,6,1,0.17,科学出版社,2017
未来科技的13个密码:21世纪的神秘科学,(英) 迈克尔·布鲁克斯(Michael Brooks)著,N49/170,4,1,0.25,重庆出版社,2021
系统退化可靠性建模与评估,"黄金波, 孔德景著",N945.17/23,6,1,0.17,中国宇航出版社,2021
高等数学.上册.第7版,同济大学数学系编,O13/255-1=7,14,17,1.21,高等教育出版社,2014
数学建模算法与应用.第2版,"司守奎, 孙兆亮主编",O141.4/23=2,12,13,1.08,国防工业出版社,2015
普通物理学 (第七版) 习题分析与解答,"孙迺疆, 胡盘新主编",O4-44/58,14,12,0.86,高等教育出版社,2016
COMSOL多物理场仿真入门指南,主编黄奕勇 ... [等],O412.3-62/1,6,12,2.0,机械工业出版社,2021
大学生数学竞赛习题精讲.第3版,陈兆斗 ... [等] 编著,O13-44/33=3,6,12,2.0,清华大学出版社,2020
小波与傅里叶分析基础,"(美) 博格斯(Albert Boggess), 马科维奇(Francis J.Narcowich)著",O174.2/2=2,16,11,0.69,电子工业出版社,2010
大学生数学竞赛教程,蒲和平编著,O13-43/31,6,11,1.83,电子工业出版社,2014
概率论与数理统计,"主编宁荣健, 朱士信",O21/636,7,11,1.57,高等教育出版社,2020
现代仪器分析,袁存光 ... [等] 主编,O657/21,10,10,1.0,化学工业出版社,2012
高等数学习题全解指南:同济第7版.上册,同济大学数学系编,O13-44/104-1,8,10,1.25,高等教育出版社,2014.7
电化学测试技术,张鉴清等编著,O646/3,6,10,1.67,化学工业出版社,2010
电化学原理.第4版,"李荻, 李松梅主编",O646/28=4,6,9,1.5,北京,2021
Python数学建模算法与应用,"司守奎, 孙玺菁主编",O141.4-39/10,6,8,1.33,国防工业出版社,2022
大学生数学竞赛习题精讲.第2版,陈兆斗 ... [等] 编著,O13-44/33=2,8,8,1.0,清华大学出版社,2016
理论力学.I.第7版,哈尔滨工业大学理论力学研究室编,O31/99-1=7,6,8,1.33,高等教育出版社,2009
高等数学.下册.第7版,同济大学数学系编,O13/255-2=7,10,8,0.8,高等教育出版社,2015
数学建模算法与应用.第3版,"司守奎, 孙玺菁主编",O141.4/23=3,6,8,1.33,国防工业出版社,2021
数学分析中的典型问题与方法.第3版,裴礼文编,O17/158=3,6,8,1.33,高等教育出版社,2021
普通物理学 (第七版) 学习指导,"胡盘新, 汤毓骏, 钟季康主编",O4/1905,6,8,1.33,高等教育出版社,2017
MATLAB数学建模,李昕编著,O141.4/95,8,7,0.88,清华大学出版社,2017
张宇高等数学18讲,主编张宇,O13/787(2022),6,7,1.17,北京理工大学出版社,2021
概率论与数理统计,陈希孺编著,51.7/7441,19,7,0.37,中国科学技术大学出版社,2000.6
高等数学.上册.第2版,"主编朱士信, 唐烁",O13/447-1=2,3,7,2.33,高等教育出版社,2020
数学模型.第5版,"姜启源, 谢金星, 叶俊编",O141.4/19=5,8,7,0.88,高等教育出版社,2018
声学基础.第3版,"杜功焕, 朱哲民, 龚秀芬著",O42/3=3,10,7,0.7,南京大学出版社,2012
普通物理学.下册.第7版,"程守洙, 江之永主编",O4/662-2=7,6,7,1.17,高等教育出版社,2016
ABAQUS岩土工程实例详解,"费康, 彭劼编著",O241.82-39/93,10,7,0.7,人民邮电出版社,2017
普通物理学 (第七版) 思考题分析与拓展,胡盘新 ... [等] 主编,O4/1993,12,7,0.58,高等教育出版社,2018
全国大学生数学竞赛辅导指南.第3版,张天德 ... [等] 编著,O13-62/10=3,6,7,1.17,清华大学出版社,2019
MATLAB数学建模经典案例实战,余胜威编著,O141.4/66,10,7,0.7,清华大学出版社,2015.01
数理统计,凌能祥 ... [等] 编,O212/61,8,7,0.88,中国科学技术大学出版社,2014
弹性力学.第5版,徐芝纶,O343/38-1=5,6,7,1.17,高等教育出版社,2016
ABAQUS 6.14中文版有限元分析与实例详解,"曹岩, 沈冰, 程文编著",O241.82-39/127,6,6,1.0,清华大学出版社,2018
仪器分析教程.第3版,"张新祥, 李美仙, 李娜等编著",O657-43/4=3,4,6,1.5,北京大学出版社,2022
电化学,"(德) 卡尔·H.哈曼, (英) 安德鲁·哈姆内特, (德) 沃尔夫·菲尔施蒂希著",O646/1=2,6,6,1.0,化学工业出版社,2010
COMSOL Multiphysics基本操作指南和常见问题解答,"马慧, 王刚主编",O412.3/1,6,6,1.0,人民交通出版社,2009
多元统计分析.第5版,何晓群编著,O212.4/13=5,6,6,1.0,中国人民大学出版社,2019
普通物理学.上册.第7版,"程守洙, 江之永主编",O4/1865-1=7,10,6,0.6,高等教育出版社,2016
高等数学附册学习辅导与习题选解:同济·第七版,同济大学数学系编,O13/58=7,7,6,0.86,高等教育出版社,2014
我所理解的流体力学.第2版,王洪伟著,O35/78=2,6,6,1.0,国防工业出版社,2019
MATLAB优化算法,"张岩, 吴水根编著",O224/38,6,6,1.0,清华大学出版社,2017
概率论与数理统计教程.3版,"茆诗松, 程依明, 濮晓龙编著",O21-43/27=3,6,6,1.0,高等教育出版社,2019
光子晶体原理及应用,马锡英编著,O7/5,12,6,0.5,科学出版社,2010
数学建模算法与应用,"司守奎, 孙玺菁编著",O141.4/23,13,6,0.46,国防工业出版社,2011
数学分析解题指南,"林源渠, 方企勤编",O17-44/29,6,6,1.0,北京大学出版社,2003
概率论与数理统计教程 (第三版) 习题与解答,"茆诗松, 程依明, 濮晓龙编著",O21-44/58,6,6,1.0,高等教育出版社,2020
半导体物理与器件,(美) 尼曼(Donald A. Neamen)著,O47/3=3,6,6,1.0,电子工业出版社,2010
数学分析.下册.第3版,"陈纪修, 於崇华, 金路",O17/120-2=3,6,6,1.0,高等教育出版社,2019.05
"新概念物理教程,电磁学.第2版","赵凯华, 陈熙谋",O4-43/15-3=2,7,6,0.86,高等教育出版社,2006
上帝掷骰子吗？:量子物理史话:= History of quantum physics,曹天元著,O413-09/1,16,6,0.38,北京联合出版公司,2013
地下水数值模拟:GMS应用基础与实例,"易立新, 徐鹤编著",P641.2/1,6,4,0.67,化学工业出版社,2009.08
地理信息系统导论,(美) Kang-tsung Chang著,P208/47=9,6,4,0.67,科学出版社,2019
地下水力学概论,项彦勇著,P641.2/5,8,4,0.5,科学出版社,2011
ArcGIS 10.8地理信息系统软件与应用,全斌 ... [等] 编著,P208.2/66,6,4,0.67,中国环境出版集团,2021
最后的观星人:天文探险家的不朽故事:the enduring story of astronomy's vanishing explorers,(美) 艾米莉·莱维斯克(Emily Levesque)著,P1-49/76,8,4,0.5,北京联合出版公司,2022
时间简史:插图版,史蒂芬·霍金著,P159-49/5,3,3,1.0,湖南科学技术出版社,2007
现代普通测量学.第2版,"王侬, 过静珺主编",P21/5=2,10,3,0.3,清华大学出版社,2009
工程地质,"主编邵艳, 汪明武",P642/45,6,3,0.5,武汉出版社,2013
误差理论与测量平差基础,"朱建军, 左廷英, 宋迎春主编",P207/23,6,3,0.5,测绘出版社,2013
基于地质统计学的地质建模,(俄) E.B.科瓦列夫斯基著,P628/4,6,3,0.5,石油工业出版社,2014
测量系统不确定度评定及其应用,"王中宇, 陈晓怀, 吕京著",P207/38,4,3,0.75,北京航空航天大学出版社,2019
引力波,(美) 珍娜·莱文著,P142.8-49/2,6,3,0.5,中信出版社,2017
地统计学:现代空间统计学,"郑新奇, 吕利娜主编",P628/6,6,3,0.5,科学出版社,2018
宇宙,(美) 卡尔·萨根(Carl Sagan)著,P159-49/93,6,3,0.5,广西科学技术出版社,2017
地下水溶质运移理论与水质模型,"陈崇希, 成建梅编著",P641.2/17,2,3,1.5,科学出版社,2021
水文水利计算,"主编李继清, 门宝辉",P333/12,6,3,0.5,中国水利水电出版社,2015.08
群星的法则:普林斯顿天文学家的宇宙通识课:an astronomer's guide,(英) 乔·邓克利(Jo Dunkley)著,P159-49/159,8,3,0.38,海峡书局,2022
星际穿越,(美) 基普·索恩著,P159-49/61,6,3,0.5,浙江人民出版社,2015
ArcGIS地理信息系统:从基础到实战,"闫磊, 张海龙编著",P208.2/50,6,2,0.33,中国水利水电出版社,2021
巢湖地学实习教程,王道轩等著,56.56252054/1034,14,2,0.14,合肥工业大学出版社,2005.7
实用地质统计学:SGeMS用户手册,"(英)尼古拉斯.里米(Remy, Nicolas), (英)鲍彻(Boucher, Alexandre), (英)Jiangbing Wu著",P628-39/2,8,2,0.25,石油工业出版社,2018
松散堆积体力学特性及其边坡离心模型试验研究,田海 ...[等] 著,P315.2/6,4,2,0.5,煤炭工业出版社,2018
WebGIS之ECharts大数据图形可视化,郭明强 ... [等] 编著,P208/284,4,2,0.5,电子工业出版社,2021
测绘学名词.2020.第4版,测绘学名词审定委员会编,P2-61/6=4(2020),2,2,1.0,科学出版社,2020
工程地质与水文地质,马建军 ... [等] 主编,P642/113,6,2,0.33,中山大学出版社,2021
现代测量学,"主编王腾军, 田永瑞",P2/74,6,2,0.33,人民交通出版社股份有限公司,2017
地下水运动数学模型,"杨金忠, 蔡树英, 王旭升编著",P641.2/3,8,2,0.25,科学出版社,2009.11
数字近景工业摄影测量:理论、方法与应用,黄桂平著,P231.5/9,4,2,0.5,科学出版社,2016
地图学实习指导,"颉耀文, 焦继宗, 王晓云著",P28-62/1,4,2,0.5,兰州大学出版社,2018
专题地图设计与编制实习教程,"闫业超, 岳书平编著",P285-45/1,4,2,0.5,测绘出版社,2021
ArcGIS地理信息系统空间分析实验教程.第2版,"汤国安, 杨昕等编著",P208-43/13=2,8,2,0.25,科学出版社,2012
图解天文学:数字时代的观星和天文摄影指南:stargazing in the digital age,"(英) 帕特里克·摩尔, (英) 皮特·劳伦斯著",P1-49/26,2,2,1.0,人民邮电出版社,2014
十堂极简宇宙课:写给大众的深奥宇宙极简说明书,(英)贝基·斯梅瑟斯特著,P159-49/141,2,2,1.0,北京联合出版公司,2020
给忙碌者的天体物理学,(美) 尼尔·德格拉斯·泰森(Neil deGrasse Tyson)著,P14-49/4,6,2,0.33,北京联合出版公司,2018
水文学原理,芮孝芳著,P33/52,6,2,0.33,高等教育出版社,2013
崩滑土体运移堆积实验研究,季宪军著,P642.2-33/1,4,2,0.5,武汉大学出版社,2018
空间数据多尺度表达的不确定性分析模型,"徐丰, 牛继强著",P208/135,6,2,0.33,武汉大学出版社,2014
量子心世界:在宇宙的无限可能中创造奇迹:the new physics leap for non-scientists,(美) 弗雷德·艾伦·沃尔夫著,P159-49/30,6,2,0.33,华夏出版社,2013
普通地质学,范存辉，王喜华，杨西燕主编,P5/17,4,2,0.5,中国石油大学出版社,2018
深度域叠前逆时偏移成像技术及应用,"李博, 段心标等编著",P631.4/23,4,2,0.5,中国石化出版社,2021
地震成像基础,"孙小东, 曲英铭编著",P631.4/18,4,2,0.5,浙江大学出版社,2021
中国东部城市群的天气气候效应及其影响机理,"钟时, 万弘超编著",P463.3/2,4,2,0.5,中国水利水电出版社,2018
引力波:爱因斯坦最后的礼物,(韩) 吴廷根著,P142.8/2,6,2,0.33,人民邮电出版社,2019
运动:地球的生命密码,翟明国主编,P311-49/10,6,2,0.33,科学出版社,2022
现代沉积:富媒体.第3版,"主编季汉成, 史燕青",P512.2/5=3,6,2,0.33,石油工业出版社,2020
图说二十四节气,国馆著,P462-64/1,6,2,0.33,长江文艺出版社,2018
水文统计学.第2版,"主编黄振平, 陈元芳",P333.6/4=2,4,2,0.5,中国水利水电出版社,2017
地球系统,"(美) Lee R. Kump, James F. Kasting, Robert G. Crane著",P/4=3,6,2,0.33,高等教育出版社,2011
地名规划实证研究,庞森权 ... [等] 著,P281/1,4,2,0.5,中国社会出版社,2017
普通地质学.第3版,"陶晓风, 吴德超主编",P5/7=3,4,2,0.5,科学出版社,2019
普通地质学,黄定华主编,P5/22,6,2,0.33,高等教育出版社,2004
时间简史:（插图本）,[美]史蒂芬·霍金编著,"55.6/1080.2, P142.6/1",19,2,0.11,湖南科学技术出版社,2001.9
时间简史.插图版,史蒂芬·霍金著,P159-49/52,2,2,1.0,湖南科学技术出版社,2007
测绘管理与法律法规:考点剖析与试题解析:2020版,何宗宜 ... [等] 编著,P205/4(2020),4,2,0.5,武汉大学出版社,2020
干湿循环作用下红黏土力学特性及裂缝演化规律,"陈开圣, 谢涛著",P642.13/9,6,2,0.33,贵州科技出版社,2018
三维测绘新技术,"麻金继, 梁栋栋编著",P2/81,8,2,0.25,科学出版社,2018
摄影测量学.第2版,张剑清 ... [等] 编著,P23/2=2,6,2,0.33,武汉大学出版社,2009.5
宇宙全书:国家地理新视觉指南,(西) 伊格纳西·里巴斯著,P159-49/137,1,2,2.0,江苏凤凰科学技术出版社,2020.08
量子宇宙,"(英) 布莱恩·考克斯(Brian Cox), 杰夫·福修(Jeff Forshaw)著",P159-49/146,6,2,0.33,上海科学技术文献出版社,2021
那些让我们深信不疑的太空伪科学,著 (美) 鲍勃·金,P159-49/128,6,2,0.33,人民日报出版社,2021
地震成像技术:有限差分法偏移,马在田著,P631.414/1,6,2,0.33,石油工业出版社,2012
人工影响天气的动力学研究,许焕斌著,P48/1,6,2,0.33,气象出版社,2014
大气物理学.第2版,盛裴轩 ... [等] 编著,P401/1=2,6,2,0.33,北京大学出版社,2013
地理信息系统原理与方法.第4版,吴信才主编,P208/139=4,4,2,0.5,电子工业出版社,2019
激光测量技术,王鹏，付鲁华，孙长库编著,P225.2/4,6,2,0.33,机械工业出版社,2020.07
地图学实习教程,江南 ... [等] 主编,P28-45/2,6,2,0.33,高等教育出版社,2020
水文统计学,"黄振平, 陈元芳主编",P333.6/4,8,2,0.25,中国水利水电出版社,2011
地球科学数据共享的挑战与实践:以中国西部生态与环境科学数据中心为例,"王亮绪, 李新著",P-37/1,6,2,0.33,科学出版社,2019
水文地球化学.第3版,"李学礼, 孙占学, 刘金辉编著",P641.3/1=3,6,2,0.33,原子能出版社,2010
工程地质与土力学,张永谋主编,P642/27,8,2,0.25,西南交通大学出版社,2011
"高等构造地质学.第一卷,思想方法与构架",侯泉林编著,P54/8-1,4,2,0.5,科学出版社,2018
怪咖物理学家的宇宙,(日) 多田将著,P14-49/6,6,2,0.33,人民邮电出版社,2019
裂隙介质地下水水流及溶质运移,谈叶飞 ... [等] 著,P641.2/13,4,2,0.5,中国水利水电出版社,2018
一想到还有95%的问题留给人类，我就放心了,"(巴拿马)豪尔赫·陈(Jorge Cham), (美)丹尼尔·怀特森(Daniel Whiteson)著",P159-49/119,6,2,0.33,北京联合出版公司,2018
地球重力学基础,操华胜编著,P312.1/7,4,2,0.5,科学出版社,2020
水文地质学基础,主编崔可锐,P641/15,8,2,0.25,合肥工业大学出版社,2010
基于多源数据融合的干旱综合监测与分析,张翔著,P426.615/6,4,2,0.5,科学出版社,2021
改变一切:气候危机、资本主义与我们的终极命运:capitalism vs. the climate,"(加) 娜奥米·克莱恩(Klein, Naomi)著",P467/41,6,2,0.33,上海三联书店,2018
地球物理学导论,张美玲主编,P3/11,6,2,0.33,石油工业出版社,2019
点云智能处理,"杨必胜, 董震著",P2/94,2,2,1.0,科学出版社,2020
半小时漫画宇宙大爆炸,陈磊·半小时漫画团队著,P159.3-49/7,6,2,0.33,浙江科学技术出版社,2021
入渗池塘地下水人工回补技术与应用,(荷) 周仰效(Yangxiao Zhou) ... [等] 著,P641.8/21,6,2,0.33,中国电力出版社,2021
摄影测量学:测量工程专业.第3版,"王佩军, 徐亚明编著",P23/3=3,10,2,0.2,武汉大学出版社,2016
地球系统与演变,汪品先 ... [等] 著,P/20,2,2,1.0,科学出版社,2018
遥感制图原理与应用,主编梅晓丹 ... [等],P283.8/1,6,2,0.33,武汉大学出版社,2021
干旱驱动机制与模拟评估,赵勇等著,P426.616/26,2,2,1.0,科学出版社,2017
地下水流数值模拟基础,杜新强编著,P641.2/10,6,2,0.33,中国水利水电出版社,2014
大气物理学,银燕 ... [等] 编著,P401/2,2,2,1.0,气象出版社,2018.10
水文水资源集对分析,王文圣 ... [等] 著,P33/6,6,2,0.33,科学出版社,2010.04
沟道泥石流堆积体复活启动机制研究,"王硕楠, 赵菲, 和飞著",P642.23/11,6,2,0.33,中国水利水电出版社,2018
地图学实习简明教程,常占强编著,P28-45/1,4,2,0.5,中国环境出版社,2014
淮北平原区水文实验研究,王振龙 ... [等] 著,P334/1,6,2,0.33,中国科学技术大学出版社,2011
城市风道量化模拟分析与规划设计,王伟武著,P463.3/3,4,2,0.5,浙江大学出版社,2020
细胞生物学.第4版,"主编翟中和, 王喜忠, 丁明孝",Q2/22=4,7,8,1.14,高等教育出版社,2011
翟中和《细胞生物学》(第4版) 笔记和课后习题 (含考研真题) 详解,主编圣才考研网,Q2/7,6,7,1.17,中国石化出版社,2016.03
自私的基因:40周年版.增订版,(英)理查德·道金斯(Richard Dawkins)著,Q343.1/22,6,7,1.17,中信出版集团股份有限公司,2018.11
生物化学 (第三版) 辅导与习题集,"主编戴余军, 李建华, 陈锦华",Q5/165,6,6,1.0,西北工业大学出版社,2020
自私的基因,(英) 理查德·道金斯著,Q343.1/11,8,5,0.63,中信出版社,2012
食品仪器分析,李杨主编,Q51/24,6,4,0.67,科学出版社,2017
生物工程设备.第2版,郑裕国主编,Q81/81=2,6,4,0.67,化学工业出版社,2022
微生物学.第2版,"主编沈萍, 陈向东",58.6/3444=2,7,4,0.57,高等教育出版社,2006
贪婪的多巴胺,"(美) 丹尼尔·利伯曼, 迈克尔·E. 朗著",Q422-49/1,6,4,0.67,中信出版社,2021
现代分子生物学.第5版,朱玉贤 ... [等] 编著,Q7/19=5,7,4,0.57,高等教育出版社,2019
微生物学实验.第5版,"主编沈萍, 陈向东",Q93-33/22=5,6,3,0.5,高等教育出版社,2018
朱圣庚《生物化学》(第4版) 笔记和课后习题 (含考研真题) 详解,主编圣才考研网,Q5/136,4,3,0.75,中国石化出版社,2020
图解生物技术,"(德) 罗尔夫 D. 施密德(Rolf D. Schmid), (美) 克劳迪娅·施密德·丹纳特(Claudia Schmidt-Dannert)原著",Q81-64/2,3,3,1.0,科学出版社,2019
生物工程设备.第3版,朱明军，梁世中主编,Q81/12=3,6,3,0.5,中国轻工业出版社,2020
微生物学教程.第4版,周德庆编著,Q93-43/3=4,4,3,0.75,高等教育出版社,2020
普通生物学,"主编朱宝长, 侯义龙, 郭晓农",Q1/10,6,3,0.5,华中科技大学出版社,2021
生物化学综合实验,谭志文主编,Q5-33/98,4,3,0.75,化学工业出版社,2021
细胞生物学.第2版,王金发编著,Q2/20=2,6,3,0.5,科学出版社,2020
微生物学(第8版)同步辅导与习题集,主编傅本重,Q93/30,6,3,0.5,西北工业大学出版社,2018.02
生物化学名校考研真题详解,金圣才主编,Q5/15,6,3,0.5,中国水利水电出版社,2010.04
微生物实验教程,主编赵咏梅,Q93-33/26,6,3,0.5,陕西师范大学出版总社有限公司,2018
生物化学实验教程,武金霞主编,Q5-33/25,5,3,0.6,科学出版社,2012
生物化学实验技术教程,主编曾富华,Q5-33/23,8,3,0.38,高等教育出版社,2011
酵母细胞凋亡,王友升著,Q949.326.1/1,2,3,1.5,科学出版社,2020.09
生物化学精要,冀芦沙 ... [等] 主编,Q5/109,2,3,1.5,科学出版社,2017
分子生物学.第3版,Phil Turner ... [等] 编著,Q7/6=3,9,3,0.33,科学出版社,2010
生物化学实验指导.第2版,"周楠迪, 崔文璟, 田亚平",Q5-33/99=2,6,3,0.5,高等教育出版社,2020
40亿年地球生命简史:the ten great inventions of evolution,(英) 尼克·莱恩(Nick Lane)著,Q11-49/20,4,2,0.5,文汇出版社,2022
马克思主义生态思想研究,"徐民华, 刘希刚著",Q988-02/1,6,2,0.33,中国社会科学出版社,2012
脑海中的声音:自我对话的历史与科学:the history and science of how we talk to ourselves,(英)查尔斯·费尼霍(Charles Fernyhough)著,Q983/8,2,2,1.0,上海教育出版社,2019
人类学简史,(法) 弗洛朗斯·韦伯著,Q98/32,4,2,0.5,商务印书馆,2020
生物化学知识精要与真题详解,主编张彩丽,Q5-44/3,5,2,0.4,中国石化出版社,2012
中国鸟类观察手册,"刘阳, 陈水华主编",Q959.7-62/1,4,2,0.5,湖南科学技术出版社,2021
超人类密码,"(瑞士) 卡洛斯·莫雷拉(Carlos Moreira), (加) 戴维·弗格森(David Fergusson)著",Q98/36,6,2,0.33,中信出版集团股份有限公司,2021
生物化学知识清单,刘洪艳主编,Q5/160,6,2,0.33,化学工业出版社,2021
猎捕:BBC动物世界生存之战,"(英) 阿拉斯泰尔·福瑟吉尔(Alastair Fothergill), (英) 胡·科里(Huw Cordey)著",Q95-49/13,6,2,0.33,人民邮电出版社,2018
现代生物化学.第3版,"黄熙泰, 于自然, 李翠凤主编",Q5/47=3,6,2,0.33,化学工业出版社,2012
细胞生物学 (第5版) 同步辅导与习题集:含考研真题,"主编姜益泉, 李长春",Q2/28,4,2,0.5,西北工业大学出版社,2021
化学生物学基础教程,"主编娄兆文, 何汉平",Q5-43/9,6,2,0.33,科学出版社,2016
数字PCR:方法和方案:methods and protocols:中文翻译版,"卡林-诺伊曼(George Karlin-Neumann), Francisco Bizouarn",Q555/6,1,2,2.0,科学出版社,2021
生物标本采集与制作,"李典友, 高本刚编著",Q-34/4,3,2,0.67,化学工业出版社,2016.50
蛋白质纯化指南,"(美) R.R.伯吉斯, M.P.多伊彻编著",Q510.3-62/3=2,3,2,0.67,科学出版社,2013
生物标本制作简明教程,"王军辉, 刘咏, 李强明编著",Q-34/6,6,2,0.33,合肥工业大学出版社,2022
超自然变形动物图鉴,(法) 让-巴普蒂斯特·德·帕纳菲厄文,Q95-49/16,2,2,1.0,北京联合出版公司,2018
植物学.第3版,主编马炜梁,Q94/23=3,4,2,0.5,高等教育出版社,2022
基因工程原理,主编陈艳红,Q78/40,6,2,0.33,南京大学出版社,2020
微生物学.第2版,"路福平, 李玉主编",Q93/35=2,6,2,0.33,中国轻工业出版社,2020
微生物学实验技术.第2版,主编叶明,Q93-33/20=2,4,2,0.5,合肥工业大学出版社,2016.08
若干聚类问题复杂性及其算法,刘培强 ... [等] 著,Q786/1,6,2,0.33,电子工业出版社,2013
转基因的真相与误区,沈立荣编著,Q785-49/6,6,2,0.33,中国轻工业出版社,2018
淀粉化学与技术.第3版,"(美) J. N. 贝米勒, R. L. 惠斯特勒著",Q539/3=3,3,2,0.67,化学工业出版社,2013
现代分子生物学.第4版,朱玉贤 ... [等] 编著,Q7/19=4,6,2,0.33,高等教育出版社,2013
朱玉贤《现代分子生物学》(第5版)笔记和课后习题(含考研真题)详解,圣才考研网主编,Q7/37,4,2,0.5,中国石化出版社,2019
生物信息学实验,"陈铭, 原春晖主编",Q811.4-33/1,4,2,0.5,科学出版社,2022
生命密码:你的第一本基因科普书,尹烨著,Q343.1-49/10,6,2,0.33,中信出版集团,2018
“微”故事:微生物的前世今生,"虞方伯, 王李宝, 李洋等编著",Q939-49/6,4,2,0.5,中国农业出版社,2019
图解生物化学,"编著哈维(Richard A. Harvey), 费里尔(Denise R. Ferrier)",Q5-64/2=5,4,2,0.5,科学出版社,2011.6
地球上消失的生命:生命历史上的大灭绝:mass extinction in the history of life,(美) 乔恩·埃里克森(Jon Erickson)著,Q91-49/5,6,2,0.33,科学出版社,2021
生物信息学.第4版,陈铭主编,Q811.4/5=4,4,2,0.5,科学出版社,2022
生物化学学习指导与习题精解,张英霞主编,Q5/38,10,2,0.2,化学工业出版社,2012.04
基础分子生物学.第4版,主编郑用琏,Q7/11=4,6,2,0.33,高等教育出版社,2021
植物生物学,林宏辉主编,Q94/11,6,2,0.33,高等教育出版社,2018
国际课程生物核心词汇,袁方编著,Q1/11,2,2,1.0,机械工业出版社,2020.08
实时荧光定量PCR,"张惟材, 朱力, 王玉飞主编",Q555/2,6,2,0.33,化学工业出版社,2013
黄帝内经,姚春鹏译注,R221/7,9,9,1.0,中华书局,2009.07
皮肤的秘密:关于人体最大器官的一切,(德)耶尔·阿德勒(Yael Adler)著,R322.99-49/1,6,6,1.0,东方出版社,2019
人体简史:你的身体30亿岁了:a guide for occupants,(英) 比尔·布莱森(Bill Bryson)著,R32-49/6,6,5,0.83,文汇出版社,2020
营养学:概念与争论:concepts and controversies,"(美) 弗朗西斯·显凯维奇·赛泽(Frances Sienkiewicz Sizer), (美) 埃莉诺·诺斯·惠特尼(Eleanor Noss...",R151/7=13,3,4,1.33,清华大学出版社,2017
心脏简史,(美) 桑迪普·乔哈尔著,R322.1-49/1,4,4,1.0,北京联合出版公司,2022
药物制剂工程技术与设备.第3版,张洪斌主编,R943/1=3,7,4,0.57,化学工业出版社,2019
食品卫生学,"柳春红, 刘烈刚主编",R15/25,6,3,0.5,科学出版社,2016
"脑机革命:the new era in brain enhancement that is revolutionizing the way we think, work, and heal",(澳) 谭乐著,R338.2/22,6,3,0.5,中信出版集团股份有限公司,2021
大脑传,(英) 马修·科布(Matthew Cobb)著,R338.2-49/19,4,3,0.75,中信出版集团股份有限公司,2022
锥束CT技术及其应用,"张定华, 黄魁东, 程云勇著",R814.42/1,6,3,0.5,西北工业大学出版社,2010
桂林古本伤寒杂病论,(东汉) 张仲景著,R222.1/2,3,3,1.0,中国中医药出版社,2014
人体的秘密:那些说不出口的正经事,(德) 耶尔·阿德勒著,R32-49/7,2,2,1.0,北京科学技术出版社,2020.11
人体的奥秘,"隋鸿锦, 于胜波主编",R32-49/2,3,2,0.67,科学出版社,2013
科学休息:迅速恢复精力的高效休息法:why you get more done when you work less,(美) 亚历克斯·索勇-金·庞(Alex Soojung-Kim Pang)著,R163/7,6,2,0.33,中信出版集团股份有限公司,2021
食品营养与安全,田克勤主编,R151.3/13,7,2,0.29,东北财经大学出版社,2014
"跑步, 成为最好的自己",(美) 本·戴维斯著,R161.1/9,6,2,0.33,四川人民出版社,2015
运动减脂讲义,减肥大叔Sam编著,R161.1/21,6,2,0.33,人民邮电出版社,2020
"少有人走的路.Ⅱ,与心灵对话",(美) M·斯科特·派克著,64.1933/3240-2,14,2,0.14,吉林文史出版社,2008.10
众病之王:癌症传:a biography of cancer,(美) 悉达多·穆克吉(Siddhartha Mukherjee)著,R73/4,4,2,0.5,中信出版社,2013
中药学,崔瑛，张一昕主编,R28/8,2,2,1.0,人民卫生出版社,2020
药物分析,"主编张振秋, 马宁",R917/28,4,2,0.5,中国医药科技出版社,2016
茶与健康,静清和著,R151.3/21,2,2,1.0,江苏凤凰文艺出版社,2019
伤寒论白话速学,谢雪姣主编,R222.2/1,2,2,1.0,化学工业出版社,2017.8
食品营养与卫生学.第2版,"李凤林, 王英臣主编",R15/23=2,2,2,1.0,化学工业出版社,2014
图解舌诊:伸伸舌头百病消,罗大伦著,R241.25-64/1,3,2,0.67,江西科学技术出版社,2015
焦虑症与恐惧症手册,(美) 艾德蒙·伯恩(Edmund Bourne)著,R749.705-62/1=6,6,2,0.33,重庆大学出版社,2018
性心理学.上,(英) 霭理士著,R167/3-1,2,2,1.0,山东文艺出版社,2018.03
存在主义心理治疗,(美) 欧文·D. 亚隆著,R749.055/31,4,2,0.5,商务印书馆,2015
中医基础理论.第4版,主编郑洪新,R22/4=4,2,2,1.0,中国中医药出版社,2016
图解本草纲目:影响世界的东方药学巨典,(明) 李时珍原著,R281.3-64/2,2,2,1.0,吉林科学技术出版社,2018
新家庭如何塑造人.2版,(美)维吉尼亚·萨提亚著,R749.055/56=2,2,2,1.0,世界图书出版有限公司北京分公司,2019.01
战斗细胞:人体免疫系统奇妙之旅:a journey into the mysterious system that keeps you alive,(德) 菲利普·德特玛(Philipp Dettmer)著,R392-49/3,6,2,0.33,海南出版社,2022
中医基础理论,主编孙广仁,R22/3,2,2,1.0,中国中医药出版社,2017
医学成像原理,"顾本立, 万遂人, 赵兴群编著",R445/5,7,2,0.29,科学出版社,2012
针灸大成,(明) 杨继洲原著,R245/5,1,2,2.0,人民卫生出版社,2006
生物医用水凝胶,"薛巍, 张渊明主编",R318.08/8,4,2,0.5,暨南大学出版社,2012
黄帝内经使用手册,武国忠著,R221-62/1,6,2,0.33,上海锦绣文章出版社,2009
为什么不是200岁？:解开人类寿命与衰老之谜:the science of life span & aging,(英) 乔纳森·席佛顿(Jonathan Silvertown)著,R339.3-49/2,4,2,0.5,人民邮电出版社,2017
生理学.第9版,主编王庭槐,R33/6=9,2,2,1.0,人民卫生出版社,2018.08
中药学,主编朱国福,R28/2,3,2,0.67,清华大学出版社,2012
出发吧! 了不起的身体旅行.2,小红书编,R33-49/3-2,4,2,0.5,北京联合出版公司,2022
道门精要:道教黄元吉内丹修炼典籍,"(清),黄元吉著",R214/10,2,2,1.0,华夏出版社,2016.06
我们为什么要睡觉?,(英) 马修·沃克著,R338.63/11,2,1,0.5,北京联合出版公司,2021.03
轻断食减肥计划,(英) 阿曼达·汉米尔顿著,R161/45,6,1,0.17,化学工业出版社,2017
食物营养排行榜,中国保健协会主编,R151.3/11,6,1,0.17,高等教育出版社,2013
心理健康书:有效提高心理韧性和个人绩效:overcoming mental health problems,"(英)肖恩·戴维斯(Shaun Davis), (英)安德鲁·金德(Andrew Kinder)著",R395.6/77,2,2,1.0,电子工业出版社,2021.09
逆龄大脑:保持大脑年轻敏锐的新科学:build a better brain at any age,(美) 桑贾伊·古普塔(Sanjay Gupta)著,R161.1/29,4,1,0.25,中信出版集团,2022
食品营养与安全卫生学,姜忠丽主编,R15/16,8,1,0.13,化学工业出版社,2010
中国居民膳食指南:2016.4版,中国营养学会编著,R151.4-62/3=4,2,1,0.5,人民卫生出版社,2016.05
"黄帝内经.下,灵枢",姚春鹏译注,R221/11-2,1,1,1.0,中华书局,2010.6
新编实用中药彩色图谱,"郭长强, 闫雪生, 张会敏主编",R282-64/3,4,1,0.25,化学工业出版社,2013
大脑的奥秘:人人要懂的脑科学:how they work & why they work that way,"(美) 艾莉森·考德威尔(Alison Caldwell), 迈卡·考德威尔(Micah Caldwell)著",R338.2-49/17,4,1,0.25,华龄出版社,2022
"少有人走的路,心智成熟的旅程",(美) M·斯科特·派克(M. Scott Peck)著,B821-49/980-1,16,1,0.06,吉林文史出版社,2006
药物化学.第2版,主编钟毅,R914/9=2,6,1,0.17,中国医药科技出版社,2013
好睡:新的睡眠科学与医学,杨定一著,R338.63/8,4,1,0.25,华龄出版社,2021
蒲辅周医案,中国中医研究院主编,R249.7/3,1,1,1.0,人民卫生出版社,2005
六经藏象系统揭秘:从《伤寒论》六经揭示人体生理病理学,许济泽，吴允耀著,R241.5/1,2,1,0.5,中国中医药出版社,2014
刘渡舟伤寒论讲稿,刘渡舟著录,R222.29/1,3,1,0.33,人民卫生出版社,2008
食品免疫学.第2版,"贺稚非, 车会莲, 霍乃蕊主编",R15/28=2,2,1,0.5,中国农业大学出版社,2018.01
黄帝内经养生大智慧,主编王动阳,R221/3,8,1,0.13,湖南科学技术出版社,2010
黄帝内经,膳书堂文化主编,R221/5,4,1,0.25,中国画报出版社,2008
我抑郁了吗:抑郁者自救指南,于玲娜著,R749.4/18,2,1,0.5,中国法制出版社,2020.12
经络穴位图解手册.大字版,高音主编,R224.4/2,2,1,0.5,人民军医出版社,2012
黄帝内经二十四节气养生法,王彤著,R221/4,6,1,0.17,化学工业出版社,2010
食品毒理学,主编王向东,R994.4/4,4,1,0.25,东南大学出版社,2007
减糖全书,(日) 江部康二著,R151.4/32,4,1,0.25,北京联合出版公司,2022
"胃, 你好吗",田艳涛著,R256.3/2,4,1,0.25,人民卫生出版社,2022
医学成像系统.第2版,高上凯编著,R445/2=2,3,1,0.33,清华大学出版社,2010
肠子的小心思,(德) 朱莉娅·恩德斯著,R574/1,4,1,0.25,江苏凤凰科学技术出版社,2016
"科学速读:脑内新世界,Inside the most complicaed object in the known universe.修订版",(英) 《新科学家》杂志编著,R338.2-49/13=2,6,1,0.17,人民邮电出版社,2021
蒲辅周医疗经验,中国中医研究院编,R249.7/4,1,1,1.0,人民卫生出版社,2005
医学影像技术学.第2版,主编余建明,R445/3=2,3,1,0.33,科学出版社,2009
脑信息数据分析方法研究,杨孝敬著,R338.8/2,6,1,0.17,科学技术文献出版社,2018.12
脑电信号分析方法与脑机接口技术,"贾花萍, 赵俊龙著",R338.8/1,6,1,0.17,科学出版社,2016.03
生命的重建.第2版,(美) 露易丝·海著,R395.6/38=2,6,1,0.17,中国宇航出版社,2008.01
性心理学.下,(英) 霭理士著,R167/3-2,2,1,0.5,山东文艺出版社,2018.03
药事管理学.第5版,主编杨世民,R95/2=5,6,1,0.17,中国医药科技出版社,2015
谷物大脑,"(美) 戴维·珀尔马特, 克里斯廷·洛伯格著",R322.81/1,2,1,0.5,机械工业出版社,2015
性健康,(英) 凯万·怀利编著,R167/6=3,2,1,0.5,科学技术文献出版社,2018
"任应秋讲《黄帝内经》,素问.下册",主编任廷革,R221.1/1-2,5,1,0.2,中国中医药出版社,2014
天然药物化学.第6版,主编吴立军,R284/3=6,6,1,0.17,人民卫生出版社,2011
傅青主女科,肖承悰主编,R271/1,1,1,1.0,人民卫生出版社,2015
亲密陷阱:爱、欲望与平衡艺术:unlocking erotic intelligence,(比)埃丝特·佩瑞尔(Esther Perel)著,R167/7,6,1,0.17,上海社会科学院出版社,2019.10
我们为什么睡不着,(英) 达里安·利德著,R338.63/7,2,1,0.5,东方出版社,2020.11
大国医改,朱幼棣著,R199.2/1,6,1,0.17,世界图书出版公司,2011
中国天然药物彩色图集.第一卷.The first volume,汪毅主编,R282.71-64/1-1,3,1,0.33,贵州科技出版社,2010
黄帝内经译注.2版,姚春鹏，姚丹译注,R221/13,2,1,0.5,上海三联书店,2018
针灸穴名寻根:细说500个针灸穴名,张载义著,R224.2-49/1,2,1,0.5,中国中医药出版社,2019.11
药物化学.第4版,尤启冬主编,R914/32=4,4,1,0.25,化学工业出版社,2021
神经科学基础.第3版,主编李云庆,R338/4,2,1,0.5,高等教育出版社,2017
瑜伽帮你全身瘦,曲影著,R214-64/1,8,1,0.13,中国纺织出版社,2011
思维的囚徒.第3版,"(美) 亚历克斯·佩塔克斯, 伊莱恩·丹顿著",R749.055/60=3,6,1,0.17,中信出版集团股份有限公司,2019
纳米生物医学光电子学前沿,祝宁华 ... [等] 主编,R318/9,4,1,0.25,科学出版社,2013
脑力赋能,(英)菲尔·多布森著,R338.2-49/10,2,1,0.5,中国友谊出版公司,2019-11-01
药物化学.第8版,主编尤启冬,R914/32=8,6,1,0.17,人民卫生出版社,2016
拒绝生病,(美) 大卫·阿古斯著,R161/75,2,1,0.5,广东科技出版社,2020.01
茶酒蜜醋葱姜蒜药用大全.第3版,主编马汴梁,R247.1/21=3,4,1,0.25,人民军医出版社,2012
伤寒论备讲,王德群，边玉鸾主编,R222.29/2,2,1,0.5,中国中医药出版社,2019.12
心理的伤，身体知道,"(美) 路易丝·海, 蒙娜·丽莎·舒尔茨著",R395.6/54,8,1,0.13,东方出版社,2019
中医临证备要,秦伯未 ... [等] 合著,R24/2,1,1,1.0,人民卫生出版社,2005
谷物的故事:读解大国文明的生存密码,崔凯著,S37-091/1,4,6,1.5,上海三联书店,2022
中国最美的101座国家公园,《藏羚羊旅行指南》编辑部编著,S759.992/4,6,2,0.33,中国铁道出版社,2014
新编二十四节气生活宜忌全书,九天书苑编著,S162/1,6,1,0.17,中国铁道出版社,2014
农作物秸秆处理处置与资源化,梁文俊 ... 等编著,S38/3,2,1,0.5,化学工业出版社,2018
大型灌区信息化建设技术指南,中国灌溉排水发展中心编著,S274.2-39/1,6,1,0.17,中国水利水电出版社,2012
食用菌栽培学,暴增海 ... [等] 主编,S646/2,6,1,0.17,中国农业科学技术出版社,2010
生态花园实用手册,菲奥娜·霍普斯著,S68-62/1,6,1,0.17,湖北科学技术出版社,2014
食用菌栽培学,"童应凯, 王学佩, 班立桐主编",S646/4,6,1,0.17,中国林业出版社,2010.8
《灌溉排水工程学》教学辅助教材:自学指导、习题集、课程设计、实验指导,"史海滨, 吕志远, 霍星编",S274.2-43/1,6,1,0.17,黄河水利出版社,2014
新编农业机械学,主编耿端阳 ... [等],S22/2,5,1,0.2,国防工业出版社,2011
嘉木中国,周畅著,S781-49/1,6,1,0.17,团结出版社,2021
节水灌溉规划,主编高峰,S274.3/4,4,1,0.25,黄河水利出版社,2012
河套灌区井渠结合膜下滴灌发展模式与水盐调控,"朱焱, 杨金忠, 伍靖伟著",S275/10,1,1,1.0,科学出版社,2020
太空豆豆:漫话中国航天育种,北京神舟绿谷农业科技有限公司编著,S335/1,2,1,0.5,中国宇航出版社,2016
秸秆能源化利用实用技术,向天勇主编,S38/2,6,1,0.17,中国农业出版社,2015.07
机器学习,周志华著,TP181/30,24,35,1.46,清华大学出版社,2016
C Primer Plus (第6版) 中文版,(美) 史蒂芬·普拉达(Stephen Prata)著,TP312C/1164=6,23,34,1.48,人民邮电出版社,2016
纳米材料学基础.第2版,"主编陈翌庆, 石瑛",TB383/134=2,60,30,0.5,中南大学出版社,2009.01
统计学习方法.第2版,李航著,TP181/9=2,12,21,1.75,清华大学出版社,2019
C++ Primer中文版,"Stanley B. Lippman, Josee Lajoie, Barbara E. Moo著",TP312C/256=5,10,17,1.7,电子工业出版社,2013
深度学习,"(美) 伊恩·古德费洛(Ian Goodfellow), (加) 约书亚·本吉奥(Yoshua Bengio), (加) 亚伦·库维尔(Aaron...",TP181/55,15,16,1.07,人民邮电出版社,2017
动手学深度学习,阿斯顿·张(Aston Zhang) ... [等] 著,TP181/164,10,15,1.5,人民邮电出版社,2019
C++ Primer Plus中文版,(美)普拉塔著,TP312/166=6,12,15,1.25,人民邮电出版社,2012
信号与系统,"(美) 奥本海姆(Alan V. Oppenheim), 威尔斯基(Alan S. Willsky), 纳瓦卜(S.Hamid Nawab)著",TN911.6/94=2,14,14,1.0,电子工业出版社,2013.01
C++ Primer Plus (第6版) 中文版,(美) 史蒂芬·普拉达(Stephen Prata)著,TP312C++/63=6,8,14,1.75,人民邮电出版社,2020
通信原理.第7版,"樊昌信, 曹丽娜编著",TN911/68=7,10,13,1.3,国防工业出版社,2012
深入理解计算机系统,"(美) 兰德尔 E. 布莱恩特(Randal E. Bryant), (美) 大卫 R. 奥哈拉伦(David R. O'Hallaron)著",TP30/37=3,12,13,1.08,机械工业出版社,2016
ROS机器人开发实践,胡春旭编著,TP242/176,16,13,0.81,机械工业出版社,2018
"Python编程:从入门到实践:a hands-on, project-based introduction to programming",(美) 马瑟斯(Eric Matthes)著,TP311.56/353,20,12,0.6,人民邮电出版社,2016
算法导论,(美) 科尔曼(Thomas H. Cormen) ... [等] 著,TP301.6/84=3,12,12,1.0,机械工业出版社,2013
现代永磁同步电机控制原理及MATLAB仿真,袁雷 ... [等] 编著,TM351/10,10,12,1.2,北京航空航天大学出版社,2016.04
"手把手教你设计CPU,RISC-V处理器篇",胡振波著,TP332/204-1,13,11,0.85,人民邮电出版社,2018
"鸟哥的Linux私房菜,基础学习篇.第4版",鸟哥著,TP316.89/78-1=4,6,11,1.83,人民邮电出版社,2018
中文版MATLAB 2018从入门到精通:实战案例版,天工在线编著,TP312MA/71,10,11,1.1,中国水利水电出版社,2018
Python语言程序设计基础.第2版,"嵩天, 礼欣, 黄天羽著",TP311.56/415=2,14,10,0.71,高等教育出版社,2017
机器学习入门到实战:MATLAB实践应用,"冷雨泉, 张会文, 张伟等著",TP181/144,10,10,1.0,清华大学出版社,2019
模拟CMOS集成电路设计.第2版,(美) 毕查德·拉扎维(Behzad Razavi)著,TN431.102/7=2,8,10,1.25,西安交通大学出版社,2018
电工学简明教程（第三版）学习辅导与习题解答.第3版,主编姜三勇,TM1/158=3,8,10,1.25,高等教育出版社,2017
机器人学导论:mechanics and control,(美) 约翰 J. 克雷格著,TP24/57=4,7,10,1.43,机械工业出版社,2018
数学之美.第3版,吴军著,TP301.6/9=3,10,9,0.9,人民邮电出版社,2020
百面深度学习:算法工程师带你去面试:100+ interview questions for algorithm engineers,"诸葛越, 江云胜主编",TP181/239,6,9,1.5,人民邮电出版社,2020
材料力学.I.第6版,"孙训方, 方孝淑, 关来泰编",TB301/8-1=6,8,9,1.13,高等教育出版社,2019
C程序设计.第5版,谭浩强著,TP312C/334=5,8,9,1.13,清华大学出版社,2017
C和指针.第2版,(美) 里科(Kenneth A. Reek)著,TP312C/1254=2,12,9,0.75,人民邮电出版社,2008
电路.第6版,原著邱关源,TM13/160=6,4,8,2.0,高等教育出版社,2022
挑战程序设计竞赛.第2版,"(日) 秋叶拓哉, 岩田阳一, 北川宜稔著",TP311.1/91=2,13,8,0.62,人民邮电出版社,2013
通信原理 (第7版) 学习辅导与考研指导,"曹丽娜, 樊昌信编著",TN911/74,11,8,0.73,国防工业出版社,2013
C程序设计 (第五版) 学习辅导,谭浩强编著,TP312C/1260,6,8,1.33,清华大学出版社,2017
机器学习:原理、算法与应用,雷明著,TP181/178,6,8,1.33,清华大学出版社,2019
从这里学NVH:噪声、振动、模态分析的入门与进阶,谭祥军编著,TB53/17,12,8,0.67,机械工业出版社,2018
HFSS天线设计.第2版,"李明洋, 刘敏编著",TN82/7=2,6,8,1.33,电子工业出版社,2014
中文版MATLAB 2020从入门到精通,天工在线编著,TP312MA/82,10,8,0.8,中国水利水电出版社,2020
信号与系统.上册.第3版,"郑君里, 应启珩, 杨为理",TN911.6/56-1=3,12,8,0.67,高等教育出版社,2011.3
制造技术工程训练.2版,朱华炳，田杰主编,TH16/252=2,6,8,1.33,机械工业出版社,2020
食品工厂设计,陈守江主编,TS208/11,8,8,1.0,中国纺织出版社,2014.09
机器人学:建模、控制与视觉.第2版,熊有伦 ... [等] 编著,TP24/63=2,16,8,0.5,华中科技大学出版社,2020
计算机在化学化工中的应用.第3版,方利国编著,TQ015.9-39/1=3,8,8,1.0,化学工业出版社,2011
化工过程模拟实训:Aspen Plus教程.第2版,孙兰义主编,TQ02-39/13=2,10,7,0.7,化学工业出版社,2017
功率半导体器件基础,(美) 巴利加(B. Jayant Baliga)著,TN303/16,10,7,0.7,电子工业出版社,2013
HFSS天线设计,"李明洋, 刘敏, 杨放编著",TN82/7,10,7,0.7,电子工业出版社,2011
"明解C语言,入门篇.第2版",(日) 柴田望洋著,TP312C/1055-1=2,8,7,0.88,人民邮电出版社,2015
"Python编程:从入门到实践:a hands-on,project-based introduction to programming.第2版",(美) 埃里克·马瑟斯著,TP311.56/353=2,10,7,0.7,人民邮电出版社,2020
PyTorch深度学习实战,"(美) 伊莱·史蒂文斯(Eli Stevens), (意) 卢卡·安蒂加(Luca Antiga), (德) 托马斯·菲曼(Thomas Viehma...",TP181/431,4,7,1.75,人民邮电出版社,2022
Linux命令行大全,(美) 威廉·肖特斯(William Shotts)著,TP316.85/155=2,4,7,1.75,人民邮电出版社,2021
机器学习实战,(美) 哈林顿(Peter Harrington)著,TP181/13,12,7,0.58,人民邮电出版社,2013
高等空间机构学.第2版,"黄真, 赵永生，赵铁石著",TH112/12=2,10,7,0.7,高等教育出版社,2014
计算机体系结构量化研究方法,"(美) 亨尼西(John L. Hennessy), 帕特森(David A. Patterson)著",TP303/88=5,6,7,1.17,人民邮电出版社,2013
算法笔记,"胡凡, 曾磊主编",TP301.6/187,7,7,1.0,机械工业出版社,2016
C++ Primer习题集,"(美) 李普曼(Stanley B. Lippman), 拉乔伊(Josee Lajoie), 默(Barbara E. Moo)著",TP312C-44/16=5,11,7,0.64,电子工业出版社,2015.03
现代机械工程图学.第2版,主编刘炀,TH126/140=2,9,7,0.78,机械工业出版社,2018
机械设计.第9版,西北工业大学机械原理及机械零件教研室编著,TH122/608=9,7,7,1.0,高等教育出版社,2013
数据结构:C++语言版.第3版,邓俊辉编著,TP311.12/80=3,10,7,0.7,清华大学出版社,2013
计算机组成原理.第3版,唐朔飞编著,TP301/66=3,9,7,0.78,高等教育出版社,2020
算法,"(美) Robert Sedgewick, Kevin Wayne著",TP301.6/81=4,12,7,0.58,人民邮电出版社,2012.10
纳米集成电路FinFET器件物理与模型,(美) 萨马·K. 萨哈(Samar K.Saha)著,TN405/32,6,7,1.17,机械工业出版社,2022
信号与系统.下册.第3版,"郑君里, 应启珩, 杨为理",TN911.6/56-2=3,13,7,0.54,高等教育出版社,2011.3
计算机是怎样跑起来的,(日) 矢泽久雄著,TP3/838,6,7,1.17,人民邮电出版社,2015
汽车理论.第6版,主编余志生,U461/24=6,12,8,0.67,机械工业出版社,2019
无人驾驶车辆模型预测控制.第2版,"龚建伟, 刘凯, 齐建永著",U46/62=2,10,8,0.8,北京理工大学出版社,2020
汽车设计,主编张炳力,U462/7,7,7,1.0,合肥工业大学出版社,2011.03
车辆动力学及控制,(美) Rajesh Rajamani著,U461.1/4,6,6,1.0,机械工业出版社,2011
AUTOSAR规范与车用控制器软件开发,宋珂 ... [等] 编著,U463.6-39/1,10,6,0.6,化学工业出版社,2019
动力电池,"贺林, 石琴著",U469.720.3/26,6,6,1.0,机械工业出版社,2021
ABAQUS在隧道及地下工程中的应用,"陈卫忠, 伍国军, 贾善坡著",U45/2,6,5,0.83,中国水利水电出版社,2010.01
ADVISOR 2002电动汽车仿真与再开发应用.第2版,"曾小华, 宫维钧主编",U469.72/26=2,10,5,0.5,机械工业出版社,2017
无人驾驶车辆理论与设计:慕课版.第2版,"熊光明, 龚建伟, 陈慧岩主编",U471.1/41=2,4,5,1.25,北京理工大学出版社,2021
分布式驱动电动汽车底盘稳定性控制,"殷国栋, 金贤建著",U469.72/135,6,5,0.83,华中科技大学出版社,2021
隧道工程,主编蒋雅君,U45/42,6,5,0.83,机械工业出版社,2021
混合动力汽车能量管理策略,"(美) 西蒙娜·奥诺里(Simona Onori), (意) 洛伦佐·塞拉奥(Lorenzo Serrao), (美)乔治·里佐尼(Giorgio...",U469.7/91,10,5,0.5,机械工业出版社,2020
AUTOSAR多核操作系统及其应用,朱元 ... [等] 编著,U463.6/278,6,5,0.83,同济大学出版社,2021
MATLAB编程与汽车仿真应用,崔胜民编著,U46-39/5,6,5,0.83,化学工业出版社,2020
先进车辆系统动力学与控制,"李克强, 罗禹贡, 郭景华著",U469.72/134,4,4,1.0,华中科技大学出版社,2021
无人驾驶车辆智能行为决策建模,陈雪梅著,U463.61/20,6,4,0.67,北京理工大学出版社,2021
汽车系统动力学.第2版,"喻凡, 林逸编著",U461.1/19=2,10,4,0.4,机械工业出版社,2017
公路工程地质.第4版,窦明健主编,U412.22/3=4,4,4,1.0,人民交通出版社股份有限公司,2016
基于ANSYS的车辆结构有限元分析,"高耀东, 任元主编",U463-39/4,4,4,1.0,化学工业出版社,2021
动力电池系统设计,"徐晓明, 胡东海编著",U469.72/91,6,4,0.67,机械工业出版社,2019
交通工程,吴娇蓉等编著,U491/142,6,4,0.67,人民交通出版社股份有限公司,2018
图解英汉汽车技术词典.第3版,"主编朱列, 王锦俞, 付俊玲",U46-61/1=3,6,4,0.67,机械工业出版社,2017
智能网联汽车协同决策与规划技术,"李柏, 葛雨明著",U463.67/37,6,4,0.67,机械工业出版社,2020
汽车系统动力学与仿真,崔胜民编著,U461.1/15,6,4,0.67,北京大学出版社,2014
交通大数据:理论与方法,"刘志远, 张文波著",U495/65,6,4,0.67,浙江大学出版社,2020
汽车性能建模与仿真,崔胜民编著,U472.9/96,2,3,1.5,化学工业出版社,2021
自动驾驶汽车环境感知,甄先通 ... [等] 编著,U463.61/7,4,3,0.75,清华大学出版社,2020
基于AUTOSAR规范的车用电机控制器软件开发,"朱元, 陆科, 吴志红著",U463.6/238,6,3,0.5,同济大学出版社,2017
新能源汽车结构与原理,瑞佩尔主编,U469.7/70,6,3,0.5,化学工业出版社,2019
桥梁工程计算机辅助设计:Midas/Civil教程,主编许立英,U44-39/4,10,3,0.3,西南交通大学出版社,2015
道路勘测设计.第2版,裴玉龙主编,U412/13=2,6,3,0.5,人民交通出版社,2018
智能网联汽车技术概论,主编宋传增,U463.67/41,6,3,0.5,机械工业出版社,2020
新能源汽车,瑞佩尔主编,U469.7/115,2,3,1.5,化学工业出版社,2022
无人驾驶车辆模型预测控制,"龚建伟, 姜岩, 徐威著",U46/62,8,3,0.38,北京理工大学出版社,2014.04
车用电机原理及应用,"袁新枚, 范涛, 王宏宇等编著",U469.72/43,6,3,0.5,机械工业出版社,2016.07
汽车设计.第5版,"主编闵海涛, 王建华",U462/45=5,4,3,0.75,机械工业出版社,2021
车辆动力学理论与应用.上册,(加) 雷扎 N. 亚泽尔著,U461.1/23-1,3,3,1.0,机械工业出版社,2018
自动驾驶决策规划技术理论与实践,李柏 ... [等] 著,U463.61/18,6,3,0.5,中国铁道出版社有限公司,2021
车辆CarSim仿真及应用实例,主编李茂月,U27-39/3,6,3,0.5,冶金工业出版社,2020
电动汽车电池、电机与电动控制,瑞佩尔主编,U469.720.3/33,2,3,1.5,化学工业出版社,2022
车辆动力学理论与应用.下册,(加) 雷扎 N. 亚泽尔著,U461.1/23-2=2,3,3,1.0,机械工业出版社,2018
自动驾驶汽车决策与控制,杨世春 ... [等] 编著,U463.61/5,6,3,0.5,清华大学出版社,2020
"智能车制作:从元器件、机电系统、控制算法到完整的智能车设计:components, electromechanical system, c...",王盼宝主编,U46/95,6,3,0.5,清华大学出版社,2018
新能源汽车概论.第3版,主编崔胜民,U469.7/1=3,6,3,0.5,北京大学出版社,2020
大学生电动方程式赛车设计,"王建, 林海英编著",U469.602/2,4,3,0.75,北京理工大学出版社,2022
中国新能源汽车热管理技术发展,"中国制冷学会, 中国汽车工程学会编著",U469.7/119,4,3,0.75,北京航空航天大学出版社,2022
图解汽车原理与构造.彩色版,张金柱主编,U461-64/1,6,3,0.5,化学工业出版社,2016.05
车辆操纵动力学,(日) Masato Abe著,U461.1/8,9,3,0.33,机械工业出版社,2012
图解英汉汽车技术词典.第2版,"主编王锦俞, 闵思鹏, 朱列",U46-61/1=2,6,3,0.5,机械工业出版社,2010
世界汽车车身技术及轻量化技术发展研究,《世界汽车车身技术及轻量化技术发展研究》编委会编著,U463.8/4,6,3,0.5,北京理工大学出版社,2019
智能驾驶技术:路径规划与导航控制:path planning and navigation control,"余伶俐, 周开军, 陈白帆著",U463.61/6,6,3,0.5,机械工业出版社,2020
"公路水运工程试验检测专业技术人员职业资格考试用书,桥梁隧道工程:2022年版",交通运输部安全与质量监督管理司，交通运输部职业资格中心组织编写,U41/91-3(2022),2,3,1.5,人民交通出版社,2022
长大跨桥梁健康监测与大数据分析:方法与应用:methods and applications,"张建, 吴刚著",U448.43/17,1,3,3.0,中国建筑工业出版社,2019
无人驾驶汽车概论,陈慧岩 ... [等] 主编,U469.79/1,6,3,0.5,北京理工大学出版社,2014
智能网联汽车技术,中国汽车技术研究中心有限公司·数据资源中心编著,U463.67/28,6,3,0.5,社会科学文献出版社,2019.04
智能网联汽车技术概论,"崔胜民, 吴永亮编著",U463.67/42,6,3,0.5,北京大学出版社,2021
电动汽车原理与构造.2版,"何洪文, 熊瑞等编著",U469.72/23=2,6,3,0.5,机械工业出版社,2018
电动汽车技术,"吴晓刚, 周美兰等编著",U469.72/61,6,3,0.5,机械工业出版社,2018
智慧交通,徐志强主编,U491-39/12,4,3,0.75,广东科技出版社,2020
自动驾驶汽车定位技术,李晓欢 ... [等] 编著,U463.8/7,6,3,0.5,清华大学出版社,2019
智能汽车技术,主编朱冰,U46/135,6,3,0.5,机械工业出版社,2021
"无人驾驶:人工智能将从颠覆驾驶开始, 全面重构人类生活:intelligent cars and the road ahead","(美) 胡迪·利普森, 梅尔芭·库曼著",U469.79/2,6,3,0.5,文汇出版社,2017
地铁及隧道火灾烟气流动特性与控制,"孟娜, 唐飞著",U231/62,4,3,0.75,化学工业出版社,2020
新能源汽车技术,"王永富, 陈泽宇, 周楠等编著",U469.7/62,6,3,0.5,科学出版社,2018
新能源汽车技术.第3版,崔胜民编著,U469.7/89=3,6,3,0.5,北京大学出版社,2020
智能交通系统及其技术应用.第3版,曲大义 ... [等] 编著,U495/34=3,6,3,0.5,机械工业出版社,2022
智能车辆高精度定位理论与技术,赵祥模著,U463.67/65,6,3,0.5,科学出版社,2022
车辆操纵动力学:理论与应用:theory and application.第2版,(日) 安部正人著,U461.1/18=2,4,3,0.75,机械工业出版社,2016
桥梁工程软件midas Civil使用指南,葛俊颖编著,U442-62/1,8,3,0.38,人民交通出版社,2013
汽车嵌入式系统设计,主编刘军,U463.6/287,6,3,0.5,机械工业出版社,2021
基于MATLAB的新能源汽车仿真实例,崔胜民著,U469.7-39/1,6,3,0.5,化学工业出版社,2020
图解英汉汽车实用词典:彩色版,张金柱主编,U46-61/10,6,3,0.5,化学工业出版社,2014
车辆动力学及控制,(美) 拉杰什·拉贾马尼主编,U461.1/4=2,5,3,0.6,机械工业出版社,2018
智能网联汽车,"李克强, 王建强, 许庆编著",U463.67/67,4,3,0.75,清华大学出版社,2022
电动汽车技术及应用,主编陈庆樟,U469.72/147,6,3,0.5,机械工业出版社,2022
新能源汽车技术100问,高建平主编,U469.7-44/1,6,3,0.5,机械工业出版社,2019
电动汽车概论,"麻友良,严运兵主编",U469.72/10,11,3,0.27,机械工业出版社,2012.01
结构风工程概论,"柯世堂, 王同光编著",V211.74/5,6,4,0.67,科学出版社,2018
非线性欠驱动四旋翼飞行器控制方法设计,胡盛斌著,V275/29,4,3,0.75,国防工业出版社,2021
空气动力学与CFD应用,"董彦非, 刘璐, 刘星编著",V211/16,6,3,0.5,航空工业出版社,2019
远程火箭飞行动力学与制导,"陈克俊, 刘鲁华, 孟云鹤编著",V412.1/1,6,3,0.5,国防工业出版社,2014.01
扑翼飞行机器人系统设计,"贺威, 孙长银著",V276/1,6,2,0.33,化学工业出版社,2019
建筑风洞实验指南,(日) 风洞实验指南研究委员会编,V211.74-62/1,8,2,0.25,中国建筑工业出版社,2011
半转翼飞行,邱支振著,V323/9,6,2,0.33,中国科学技术大学出版社,2018
航天飞行器惯性器件精密制造技术,"杨立军, 张宏志, 刘俊岩编著",V448.2/19,4,2,0.5,哈尔滨工业大学出版社,2020
飞行员工作负荷,"杜俊敏, 何雪丽, 康卫勇编著",V321.3/5,6,2,0.33,北京航空航天大学出版社,2021
非线性有限元及其在飞机结构设计中的应用,朱菊芳等编著,V221/1,8,2,0.25,上海交通大学出版社,2011
玩转四轴飞行器,鲍凯编著,V47/45,2,2,1.0,清华大学出版社,2015.6
大型飞机数字化制造工程,"范玉青, 梅中义, 陶剑编著",V260.5/1,5,2,0.4,航空工业出版社,2011.09
高分辨率光学卫星敏捷姿态控制技术,常琳 ... [等] 编著,V474.1/4,6,2,0.33,国防工业出版社,2019
四轴飞行器DIY:基于STM32微控制器,吴勇 ... [等] 编著,V275/7,8,2,0.25,北京航空航天大学出版社,2016
GPS/INS/星敏感器六自由度建模与仿真:在CADAC++中对一枚三级固体火箭进行NGC仿真:simulating N & G & C...,(美) 彼得·H·齐普费尔著,V448.22/3,4,2,0.5,中国宇航出版社,2018
不确定性量化在航空发动机中的应用,(意) 弗朗西斯科·蒙托莫利(Francesco Montomoli)主编,V23/27=2,6,2,0.33,国防工业出版社,2020
无人机同时定位与地图创建技术,王希彬 ... [等] 著,V279/141,4,2,0.5,北京航空航天大学出版社,2022
空气动力学,"雷娟棉, 吴小胜, 吴甲生编著",V211/8,6,2,0.33,北京理工大学出版社,2016
高超声速飞行器的增益协调鲁棒参数化控制,"侯明哲, 谭峰著",V47/65,4,2,0.5,科学出版社,2018
大视场星敏感器星光制导技术及应用,"王宏力, 陆敬辉, 崔祥祥著",V448.2/4,4,2,0.5,国防工业出版社,2015
薄壁弱刚性结构加工表面误差仿真计算与补偿策略研究,康永刚著,V259/2,4,2,0.5,西北工业大学出版社,2021
多种应力试验下航空产品可靠性评估方法,蔡忠义 ... [等] 著,V241.01/1,4,1,0.25,国防工业出版社,2019
飞机结构设计,"姚卫星, 顾怡编著",V221/8,6,1,0.17,国防工业出版社,2016
无人机编程实战:基于ArduPilot和Pixhawk:an ArduPilot and Pixhawk approach,(墨) 胡里奥·阿尔贝托·门多萨-门多萨(Julio Alberto Mendoza-Mendoza) ... [等] 著,V279/129,4,1,0.25,机械工业出版社,2021
太空旅行,(英) 伊恩·格雷厄姆著,V11-49/12,2,1,0.5,科学普及出版社,2015
多目偏振视觉仿生导航方法研究,王玉杰 ... [等] 著,V556/12,4,1,0.25,国防工业出版社,2020
飞行控制系统.第2版,吴森堂主编,V249/4=2,6,1,0.17,北京航空航天大学出版社,2013
飞机复合材料结构雷击损伤评估和防护设计,王富生 ... [等] 著,V257/11,4,1,0.25,科学出版社,2016
直升机计算流体动力学基础,"招启军, 徐国华著",V275/8,2,1,0.5,科学出版社,2016
飞行器结构力学,主编文立华,V414/4,6,1,0.17,西北工业大学出版社,2015.09
中国航空史话,沈海军著,V2-092/2,6,1,0.17,北京时代华文书局,2020
航空航天复合材料力学,"胡宁, 赵丽滨主编",V25/25,4,1,0.25,科学出版社,2021
苏联/俄罗斯/乌克兰航空发动机的发展,彭友梅主编,V23/5,4,1,0.25,航空工业出版社,2015
液体火箭发动机优化设计,蔡国飙 ... [等] 著,V434/14,6,1,0.17,北京航空航天大学出版社,2020
"航空制造工程手册,热处理.第2版",《航空制造工程手册》总编委会主编,V26-62/1-2=2,2,1,0.5,航空工业出版社,2010
民用飞机构件先进成形技术,黄卫东 ... 等编著,V222/3,1,1,1.0,上海交通大学出版社,2016
四旋翼飞行器开发与应用实训案例集萃,"丁晓青, 王瑞编著",V275/26,4,1,0.25,清华大学出版社,2020
无人直升机系统设计,贺天鹏主编,V275/10,4,1,0.25,国防工业出版社,2016
无人机飞行控制与自主飞行,"吴成富, 程鹏飞, 闫冰编著",V279/114,4,1,0.25,西北工业大学出版社,2020
航天器轨道力学理论与方法,张洪波编著,V412.4/14,6,1,0.17,国防工业出版社,2015
月背征途:中国探月国家队记录人类首次登陆月球背面全过程,北京航天飞行控制中心著,V1-49/7,10,1,0.1,北京科学技术出版社,2021
直升机飞行控制律设计,卢京潮，李广文，贾秋玲著,V275/28,6,1,0.17,电子工业出版社,2020
气动弹性的流固耦合分析方法,"刘超峰, 邱菊編著",V211.47/1,4,1,0.25,北京航空航天大学出版社,2016
航空航天概论.第3版,"昂海松, 童明波, 余雄庆主编",V2/8=3,4,1,0.25,科学出版社,2021
飞机原理与构造.第2版,主编杨华保,V2/2=2,6,1,0.17,西北工业大学出版社,2011.07
航空发动机转子动力学,廖明夫主编,V23/6,6,1,0.17,西北工业大学出版社,2015
航空发动机故障诊断,"王俨剀, 廖明夫, 丁小飞著",V263.6/7,1,1,1.0,科学出版社,2020.09
四旋翼飞行器设计与实现,"王瑞, 丁晓青编著",V275/17,8,1,0.13,清华大学出版社,2018
飞机机体与起落架,"李伟, 曹达敏, 陈闵叶主编",V223/6,4,1,0.25,航空工业出版社,2019
飞行器复合材料结构非概率可靠性优化设计,王晓军 ... [等] 著,V257/19,4,1,0.25,科学出版社,2020
四旋翼无人机集群协同关键技术,"主编唐成凯, 张玲玲",V279/133,4,1,0.25,西北工业大学出版社,2021
航空航天概论.第4版,贾玉红主编,V2/5=4,6,1,0.17,北京航空航天大学出版社,2017
航空航天复合材料结构健康监测技术,(美) 维克多·朱尔朱蒂乌(VictorGiurgiutiu)著,V25/22,2,1,0.5,国防工业出版社,2019
深空飞行动力学,"赵育善, 师鹏, 张晨著",V412/2,6,1,0.17,中国宇航出版社,2016
空气动力学基础:双语教学译注版,(美) 小约翰·D. 安德森著,V211/7=5,3,1,0.33,航空工业出版社,2014
航空材料及热处理,刘劲松，蒲玉兴主编,87.843/0214,11,1,0.09,国防工业出版社,2008.7
航空超高强度钢的发展,李志 ... [等] 编著,V252.1/1,1,1,1.0,国防工业出版社,2012
飞机复合材料结构应力分析,杨卫平主编,V257/12,6,1,0.17,航空工业出版社,2018
先进旋翼设计空气动力学,招启军 ... [等] 著,V211.52/3,2,1,0.5,科学出版社,2020
无人机复合材料结构设计与制造技术,"符长青, 符晓勤, 曹兵编著",V279/71,6,1,0.17,西北工业大学出版社,2019
直升机总体与气动布局设计,"朱清华, 张呈林, 郭才根编著",V275/22,6,1,0.17,航空工业出版社,2018
土星Ⅴ号运载火箭F-1发动机:推举阿波罗创造历史:powering Apollo into history,(美) 安东尼·扬(Anthony Young)著,V43-49/1,2,1,0.5,中国宇航出版社,2020
飞机飞行原理:对飞机飞行物理原理的一种描述,"(英) R. H. 巴纳德(R. H. Barnard), D. R. 菲尔波特(D. R. Philpott)著",V323.1/4=4,2,1,0.5,科学出版社,2021
电磁轨道发射理论与技术,"鲁军勇, 马伟明著",V514/11,2,1,0.5,科学出版社,2020
空气动力学与飞行原理,主编叶露,V211/14,6,1,0.17,大连海事大学出版社,2019
现代飞机结构综合设计,主编陶梅贞,V221/5,3,1,0.33,西北工业大学出版社,2001.09
空气动力学基础:双语译注版,"(美) 小约翰·D. 安德森(John D. Anderson, Jr.)著",V211/7=6,1,1,1.0,航空工业出版社,2020
空间电推进原理,于达仁 ... [等] 编著,V514/2,6,1,0.17,哈尔滨工业大学出版社,2014
AC313直升机符合性验证方法,徐朝梁编著,V275/21,3,1,0.33,航空工业出版社,2019
重型直升机发展与应用,黄传跃主编,V275/12,6,1,0.17,航空工业出版社,2017.10
现代直升机旋翼空气动力学,曹义华编著,V275/4,6,1,0.17,北京航空航天大学出版社,2015
液体火箭发动机推力室设计,"杨立军, 富庆飞编著",V434/3,10,1,0.1,北京航空航天大学出版社,2013
多旋翼无人机技术基础,"符长青, 曹兵编著",V279/23,8,1,0.13,清华大学出版社,2017
航空动力系统滑模控制,肖玲斐著,V22/15,4,1,0.25,浙江大学出版社,2018
火箭发动机基础,"(美) 乔治·萨顿(George P. Sutton), (美) 奥斯卡·比布拉兹(Oscar Biblarz)著",V43/20=9,4,1,0.25,北京理工大学出版社,2019
飞机复合材料结构分析与优化设计,岳珠峰 ... [等] 著,V257/1,5,1,0.2,科学出版社,2011
现代飞行技术,"(美)韦尔奇(Welch, John F.),比约克(Bjork, L.),比约克(Bjork, L.)编著",V323/1,8,1,0.13,国防工业出版社,2011
“阿波罗”登月计划中的肯尼迪航天中心,(美) Jonathan H. Ward著,V4-241.712/1,4,1,0.25,国防工业出版社,2016
人类是怎么霸气上天的:吾皇巴扎黑航天科学史,白茶,V4-091/4,4,1,0.25,湖南文艺出版社,2022
无人机结构与操作.双色版,"杨宇, 孔祥蕊主编",V279/89,6,1,0.17,化学工业出版社,2020
四旋翼无人机控制:基于视觉的悬停与导航:vision-based hovering and navigation,(美) Luis Rodolfo Garcia Carrillo等 著,V279/26,6,1,0.17,国防工业出版社,2016
航天产品金属零部件常见失效与预防,燕翔编著,V27/56,4,1,0.25,中国宇航出版社,2021
捷联惯导算法与组合导航原理,"严恭敏, 翁浚编著",V448.131/7,6,1,0.17,西北工业大学出版社,2019
飞机钣金成形原理与工艺,主编翟平,V261.2/3,6,1,0.17,西北工业大学出版社,1995
直升机结构动力学,韩东编著,V275/27,4,1,0.25,科学出版社,2020
飞机总体设计,顾诵芬主编,V221/6,5,1,0.2,北京航空航天大学出版社,2001
多旋翼无人机设计,"陈阳, 梁建宏编著",V279/53,6,1,0.17,北京航空航天大学出版社,2018
风洞轴流式风扇气动设计,"廖达雄, 黄知龙等著",V211.74/6,2,1,0.5,国防工业出版社,2018
FDS火灾数值模拟,"李胜利, 李孝斌编著",X928.7/6,6,6,1.0,化学工业出版社,2019
碳减排基础及实务应用,谢剑锋等编著,X511/219,4,4,1.0,经济日报出版社,2022
二氧化碳与气候,"郭远珍, 彭密军编著",X511/21,3,3,1.0,化学工业出版社,2012
中国碳排放影响因素分析及减排对策研究,徐军委著,X511/89,8,3,0.38,社会科学文献出版社,2016
碳交易理论、制度和市场,刘志强主编,X511/131,6,3,0.5,中南大学出版社,2019
总量减排目标下的我国二氧化碳减排路径及对策研究,李华楠著,X511/104,6,3,0.5,科学出版社,2017.9
环境分析与监测,王灿主编,X830.2/9,4,3,0.75,科学出版社,2021
报废汽车绿色拆解与零部件再制造,贝绍轶主编,X734.2/4,6,2,0.33,化学工业出版社,2016
环境经济学,宋有涛主编,X196/133,4,2,0.5,中国环境出版集团,2021
环境土壤学.第2版,张辉编著,X144/9=2,6,2,0.33,化学工业出版社,2018
中国生态城市建设发展报告.2016.2016:2016版,"主编刘举科, 孙伟平, 胡文臻",X321.2/29(2016),4,2,0.5,社会科学文献出版社,2016.09
水污染控制工程课程设计案例与指导,主编刘咏,X52-41/1,6,2,0.33,四川大学出版社,2016
绿色IT:环保与利益双赢:reduce your information systems's environmental impact while adding to the ott,"(美)维尔特(Velte, Anthony T.),维尔特(Velte, Toby J.), 埃尔森皮特(Elsenpeter,  Robert)著",X322/6,6,2,0.33,人民邮电出版社,2009
地下水污染控制.第2版,主编钱家忠,X523.06/8=2,6,2,0.33,合肥工业大学出版社,2018
光催化材料及其在环境净化中的应用,"张彭义, 贾瑛著",X5/80,6,2,0.33,化学工业出版社,2016
化工环境工程概论.第2版,"汪大翚, 徐新华, 杨岳平编","X78/36=2, 81.199/3141=2",21,2,0.1,化学工业出版社,2002
环境经济学,葛成军主编,X196/132,6,2,0.33,中国农业大学出版社,2021
中国宜居城市研究报告,张文忠 ... [等] 著,X321.2/142,6,2,0.33,科学出版社,2016
水污染控制工程课程设计及毕业设计,王春荣主编,X520.6/12,6,2,0.33,化学工业出版社,2013.06
碳排放转移:宏观涌现与微观机理:macro-emergence and micro-mechanism,孙立成著,X511/144,6,2,0.33,江苏大学出版社,2019
汽车报废拆解与材料回收利用.第2版,贝绍轶主编,X734.205/1=2,6,2,0.33,化学工业出版社,2012
环境工程原理.第2版,胡洪营 ... [等] 合编,X5/12=2,8,2,0.25,高等教育出版社,2011.06
城镇污水处理厂设计基础及参考图集,王亚娥主编,X505-64/1,6,2,0.33,化学工业出版社,2014
巢湖流域水生态健康研究,高俊峰 ... 等著,X824/7,3,2,0.67,科学出版社,2016.06
碳交易机制设计,秦昌才著,X511/183,6,2,0.33,中国海洋大学出版社,2021
环境土壤学,"贾建丽, 于妍, 王晨编著",X144/4,4,2,0.5,化学工业出版社,2012
城市环境综合观测与大气环境动力学研究,徐祥德 ... [等] 著,X831/1,6,2,0.33,气象出版社,2010
SBR法污水生物脱氮除磷及过程控制,彭永臻著,X703/82,8,2,0.25,科学出版社,2011
锂离子电池回收与资源化技术,李丽 ... [等] 著,X760.5/12,7,2,0.29,科学出版社,2021
建筑碳排放交易的影响因素、作用机理及效果研究,刘海波著,X511/168,4,2,0.5,中国矿业大学出版社,2020
环境修复技术与应用,葛利云编著,X171.4/58,6,2,0.33,上海交通大学出版社,2020
微观尺度城市碳排放理论、方法与实证研究,李宇，刘薇等著,X511/105,12,2,0.17,科学出版社,2017
碳排放权交易机制:模型与应用,张跃军著,X511/129,4,2,0.5,科学出版社,2019
欧盟碳排放交易市场的结构特征研究,李瑾坤，胡根华，吴恒煜著,X511/153,6,2,0.33,西南财经大学出版社,2019
低碳生态与城乡规划,张泉等著,X21/51,8,2,0.25,中国建筑工业出版社,2011
环境工程设计基础,"主编邱贤华, 杨莉",X505/41,6,2,0.33,机械工业出版社,2015
空间分异下碳排放转移机制、碳排放权分配及政策模拟研究,陈志建等著,X511/128,6,2,0.33,经济科学出版社,2018
城镇污水厂生物除磷工艺优化理论与实践,"孙培德, 蒋涛, 钟晓著",X505/20,7,2,0.29,化学工业出版社,2012
碳排放的三驱动框架及现实选择,张明志著,X511/132,6,2,0.33,经济科学出版社,2019
碳排放权交易市场的设计原理与实践研究,陈波著,X511/42,6,2,0.33,中国经济出版社,2014
火灾与逃生模拟仿真:PyroSim+Pathfinder中文教程与工程应用,"吕淑然, 杨凯著",X928.7-39/1,6,2,0.33,化学工业出版社,2014
特工训练手册:危急时刻如何绝处逢生:The seal operative's guide,(美) 克林顿·埃默森(Clint Emerson)著,X956-62/1,10,2,0.2,民主与建设出版社,2018
碳达峰碳中和的中国之道,"庄贵阳, 周宏春主编",X511/185,6,2,0.33,中国财政经济出版社,2021
环境土壤学.第3版,主编陈怀满,X144/8=3,6,2,0.33,科学出版社,2018
环境工程专业课程设计指导教程与案例精选,"张莉, 杨嘉谟主编",X5-41/1,8,2,0.25,化学工业出版社,2012
碳足迹分析：概念、方法、实施与案例研究,"(美) M J弗朗凯蒂, D阿普尔著",X511/84,2,2,1.0,科学出版社,2016
循环经济的二次资源金属回收,"马荣骏, 肖国光编著",X756.05/3,1,1,1.0,冶金工业出版社,2014
污染水文地质学,(美) 费特(C.W.Fetter)著,X143/12=2,8,1,0.13,高等教育出版社,2011
水环境模型与应用,蒲晓 ... [等] 编,X143/143,4,1,0.25,黄河水利出版社,2021
大气污染控制工程,"主编王丽萍, 赵晓亮, 田立江",X510.6/48,6,1,0.17,中国矿业大学出版社,2018
大气污染控制工程.第2版,蒋文举主编,X510.6/53=2,6,1,0.17,高等教育出版社,2020
水污染控制工程设计指导手册,王博涛主编,X520.6-62/2,2,1,0.5,科学出版社,2017.03
环境修复工程,"主编赵景联, 刘萍萍",X171.4/51,6,1,0.17,机械工业出版社,2020
新型城镇生态环保设计,"骆中钊, 温娟, 常文韬等编著",X32/55,6,1,0.17,化学工业出版社,2017
城市生活垃圾全过程减量化理论与实践,"周飞跃, 张翱, 勾竞懿编著",X799.305/16,4,1,0.25,知识产权出版社,2017
废水处理工程设计,程林波编著,X703/125,6,1,0.17,中国建筑工业出版社,2014
巢湖富营养化的评价与控制对策研究,殷福才著,X524/4,6,1,0.17,中国环境科学出版社,2011
能源碳排放系统分析,田立新 ... [等] 著,X511/29,4,1,0.25,科学出版社,2013
矿山酸性废水治理,罗琳 ... 等著,X703/243,1,1,1.0,科学出版社,2021
行业分析视角下的中国区域环境效率研究:基于数据包络分析 (DEA) 方法,"吴杰, 朱庆缘, 孙加森著",X321.2/386,1,1,1.0,科学出版社,2021
核环境工程学,"陆春海, 方祥洪, 陈敏等编著",X591/11,4,1,0.25,科学出版社,2021
污泥干化与焚烧技术,"王罗春, 李雄, 赵由才主编",X703/56,6,1,0.17,冶金工业出版社,2010.04
碳排放预测与碳信息披露,王希胜著,X511/137,6,1,0.17,中国水利水电出版社,2019
碳循环与碳减排,付东 ... [等] 编著,X511/222,4,1,0.25,冶金工业出版社,2022
迈向碳达峰、碳中和:目标、路径与行动,"杨越, 陈玲, 薛澜著",X511/186,4,1,0.25,上海人民出版社,2021
城市污泥热解转化机理及经济性评价,姬爱民 ... [等] 著,X703/151,4,1,0.25,冶金工业出版社,2016
安全系统工程.第3版,主编张景林,X913.4/10=3,6,1,0.17,煤炭工业出版社,2019
碳排放权交易会计研究,张彩平著,X196/38,4,1,0.25,经济科学出版社,2013
碳金融与碳市场:方法与实证,魏一鸣 ... [等] 著,X511/6,10,1,0.1,科学出版社,2010.10
粉煤灰综合利用,"中国资源综合利用协会, 山东恒远利废技术发展有限公司编著",X773/8,4,1,0.25,中国建材工业出版社,2013
生活垃圾处理与资源化,赵由才主编,X799.305/13,6,1,0.17,化学工业出版社,2016
固体废物污染控制工程.第3版,张小平编著,X705/17=3,2,1,0.5,化学工业出版社,2017
固体废物焚烧技术.第2版,"张弛, 柴晓利, 赵由才主编",X705/84=2,6,1,0.17,化学工业出版社,2017
固体废物处理与资源化技术,何品晶主编,X705/35,8,1,0.13,高等教育出版社,2011.6
室内空气净化原理与实用技术,(日) 日本空气净化协会编,X51/25,4,1,0.25,机械工业出版社,2016
生活垃圾处理的广州之路,洪凯著,X799.3/4,4,1,0.25,光明日报出版社,2017
ESG理论与实务,"主编李志青, 符翀",X322/73,6,1,0.17,复旦大学出版社,2021
海洋环境污染与防治,曹晓强主编,X55/28,2,1,0.5,中国环境出版集团,2021.08
痕量金属的环境行为:区域与城市污染:the pollution in regional and metropolis areas,张辉著,X5/63,6,1,0.17,上海交通大学出版社,2014
城市的迷惘,薛涌著,X21-53/3,6,1,0.17,中国社会科学出版社,2014
辉煌40载:中国环境监测成就与展望,"生态环境部生态环境监测司, 中国环境监测总站编著",X83/54,6,1,0.17,中国环境出版集团,2018
寂静的春天,(美) 蕾切尔·卡逊著,X-49/18,7,1,0.14,北京理工大学出版社,2015
环境科学导论,"崔灵周, 王传花, 肖继波主编",X/62,6,1,0.17,化学工业出版社,2014
环境科学导论,"窦贻俭, 朱继业主编",X/48,6,1,0.17,南京大学出版社,2013
关键金属二次资源综合利用与污染控制,"张懿, 曹宏斌, 孙峙等编著",X756/19,2,1,0.5,化学工业出版社,2021
工业固废循环利用,"韩凤兰, 吴澜尔等著",X705/106,4,1,0.25,科学出版社,2017
再制造性工程,姚巨坤 ... [等] 著,X76/24,4,1,0.25,机械工业出版社,2020
过硫酸盐高级氧化技术及其在水处理中的应用,宋秀兰著,X703/215,8,1,0.13,化学工业出版社,2019
有机废气的净化技术,陆震维编,X701/1,6,1,0.17,化学工业出版社,2011
生活垃圾焚烧厂渗滤液处理技术与工程实践,王天义主编,X705/118,6,1,0.17,化学工业出版社,2018
环境生态学,卢升高主编,X171/8,8,1,0.13,浙江大学出版社,2010
污水处理工程工艺设计从入门到精通,郑梅编著,X703/166,6,1,0.17,化学工业出版社,2017.07
有害气体控制工程,陈岚 ... [等] 编著,X511/184,6,1,0.17,冶金工业出版社,2021
碳市场经济学,"齐绍洲, 禹湘主编",X511/189,6,1,0.17,中国社会科学出版社,2021
ESG投资,"(美) 马克·墨比尔斯(Mark Mobius), 卡洛斯·冯·哈登伯格(Carlos von Hardenberg), 格雷格·科尼茨尼(G...",X196/129,6,1,0.17,中信出版集团股份有限公司,2021
矿区复垦土壤重金属光谱解析与迁移特征研究,董霁红 ... [等] 著,X53/59,6,1,0.17,中国矿业大学出版社,2018
碳排放和碳减排认证认可实施策略,国家认证认可监督管理委员会认证认可技术研究所编著,X511.06/4,6,1,0.17,中国质检出版社,2014
安全系统工程.第2版,主编张景林,X913.4/10=2,4,1,0.25,煤炭工业出版社,2014
安全管理学.2版,"田水承, 景国勋主编",X915.2/5=2,6,1,0.17,机械工业出版社,2016.8
中国近岸海洋环境质量评价与污染机制研究,"张志锋, 韩庚辰, 王菊英编著",X834/1,4,1,0.25,海洋出版社,2013
微观世界大百科,"(英) 迈克·戈德史密斯, 苏珊·肯尼迪, 史蒂夫·帕克等著",Z228/166,3,2,0.67,电子工业出版社,2016.01
线装经典.最美的诗·最美的词,《线装经典》编委会编,Z/1-8,13,2,0.15,云南教育出版社,2010.01
伟大的书籍:改变历史进程的72本书,(英) DK出版社编著,Z835/61,2,2,1.0,华中科技大学出版社,2021
合肥年鉴.2018,合肥市地方志办公室编纂,Z525.41/2(2018),1,1,1.0,黄山书社,2018
北大国学课,季风著,Z126/56,4,1,0.25,现代出版社,2016
可怕的现象大全集,丛书编委会编著,Z228/79,5,1,0.2,吉林出版集团有限责任公司,2012.06
"线装经典,三国演义",罗贯中著,Z/1-16,13,1,0.08,云南教育出版社,2010.02
神奇的北纬30度:探索神秘事件·揭开惊天谜底,美狄亚编著,Z228/182,6,1,0.17,北京工业大学出版社,2017
受益一生的国学知识,高崎编著,Z126-49/18,4,1,0.25,人民邮电出版社,2012
让世界慢下来,《读者参考丛书》编辑部编,Z89/4,6,1,0.17,学林出版社,2009.10
线装经典.最美的散文,《线装经典》编委会编,Z/1-15,13,1,0.08,云南教育出版社,2010.01
万万没想到:用理工科思维理解世界,万维钢（同人于野）著,Z228/143,3,1,0.33,电子工业出版社,2014
万万没想到:用理工科思维理解世界:understandingthe world with scientific thinking.精装增补版,万维钢著,Z228/143=2,6,1,0.17,电子工业出版社,2020
我的思想与观念:爱因斯坦自选集,(美) 阿尔伯特·爱因斯坦(Albert Einstein)著,Z471.2/3,6,1,0.17,天津人民出版社,2020
中外奇闻怪事之谜,韩震主编,Z228/53,3,1,0.33,吉林出版集团有限责任公司,2011
新华文摘精华本:2000-0008.文化卷,新华文摘杂志社编,Z89/5-3,6,1,0.17,人民出版社,2009
不正经的科学:对那些古怪问题的另类研究,"(法) 皮埃尔·巴泰勒米, (法) 玛丽昂·蒙田著",Z228/220,6,1,0.17,人民邮电出版社,2018
那些古怪又让人忧心的问题:前NASA成员、美国最火科普博客xkcd幽默问答集,(美) 兰道尔·门罗著,Z228/164,6,1,0.17,北京联合出版公司,2015
杂学全书:天下无敌非常识1000问,(日) 百科全书网编,Z228/76,3,1,0.33,中信出版社,2012
